-- MySQL dump 10.13  Distrib 5.5.12, for Win64 (x86)
--
-- Host: localhost    Database: smithdemo
-- ------------------------------------------------------
-- Server version	5.5.12

/*!40101 SET @OLD_CHARACTER_SET_CLIENT=@@CHARACTER_SET_CLIENT */;
/*!40101 SET @OLD_CHARACTER_SET_RESULTS=@@CHARACTER_SET_RESULTS */;
/*!40101 SET @OLD_COLLATION_CONNECTION=@@COLLATION_CONNECTION */;
/*!40101 SET NAMES utf8 */;
/*!40103 SET @OLD_TIME_ZONE=@@TIME_ZONE */;
/*!40103 SET TIME_ZONE='+00:00' */;
/*!40014 SET @OLD_UNIQUE_CHECKS=@@UNIQUE_CHECKS, UNIQUE_CHECKS=0 */;
/*!40014 SET @OLD_FOREIGN_KEY_CHECKS=@@FOREIGN_KEY_CHECKS, FOREIGN_KEY_CHECKS=0 */;
/*!40101 SET @OLD_SQL_MODE=@@SQL_MODE, SQL_MODE='NO_AUTO_VALUE_ON_ZERO' */;
/*!40111 SET @OLD_SQL_NOTES=@@SQL_NOTES, SQL_NOTES=0 */;

--
-- Current Database: `smithdemo`
--

CREATE DATABASE /*!32312 IF NOT EXISTS*/ `smithdemo` /*!40100 DEFAULT CHARACTER SET latin1 */;

USE `smithdemo`;

--
-- Table structure for table `application`
--

DROP TABLE IF EXISTS `application`;
/*!40101 SET @saved_cs_client     = @@character_set_client */;
/*!40101 SET character_set_client = utf8 */;
CREATE TABLE `application` (
  `application_id` int(11) NOT NULL AUTO_INCREMENT,
  `readlength` int(11) DEFAULT NULL,
  `readmode` varchar(100) DEFAULT NULL,
  `instrument` varchar(100) DEFAULT NULL,
  `applicationname` varchar(100) DEFAULT NULL,
  `depth` int(11) DEFAULT NULL,
  PRIMARY KEY (`application_id`)
) ENGINE=InnoDB AUTO_INCREMENT=29 DEFAULT CHARSET=utf8 COMMENT='Can be reused, so we separete it from Sample';
/*!40101 SET character_set_client = @saved_cs_client */;

--
-- Dumping data for table `application`
--

LOCK TABLES `application` WRITE;
/*!40000 ALTER TABLE `application` DISABLE KEYS */;
INSERT INTO `application` VALUES (1,50,'SR','HiSeq2000','Single read : 30 mio reads : one fiths of a lane : 50 bases',30),(2,50,'SR','HiSeq2000','Single read : 60 mio reads : two fiths of a lane : 50 bases',60),(3,50,'SR','HiSeq2000','Single read : 90 mio reads : three fiths of a lane : 50 bases',90),(4,50,'SR','HiSeq2000','Single read : 120 mio reads : four fiths of a lane : 50 bases',120),(5,50,'SR','HiSeq2000','Single read : 150 mio reads : full lane : 50 bases',150),(6,50,'PE','HiSeq2000','Paired end : 35 mio reads : one fourth of a lane : 50 bases',35),(7,50,'PE','HiSeq2000','Paired end : 70 mio reads : half a lane : 50 bases',70),(8,50,'PE','HiSeq2000','Paired end : 105 mio reads : three fourth of a lane : 50 bases',105),(9,50,'PE','HiSeq2000','Paired end : 140 mio reads : full lane : 50 bases',140),(10,75,'PE','HiSeq2000','Paired end : 35 mio reads : one fourth of a lane : 75 bases',35),(11,75,'PE','HiSeq2000','Paired end : 70 mio reads : half a lane : 75 bases',70),(12,75,'PE','HiSeq2000','Paired end : 105 mio reads : three fourth of a lane : 75 bases',105),(13,75,'PE','HiSeq2000','Paired end : 140 mio reads : full lane : 75 bases',140),(14,100,'PE','HiSeq2000','Paired end : 35 mio reads : one fourth of a lane : 100 bases',35),(15,100,'PE','HiSeq2000','Paired end : 70 mio reads : half a lane : 100 bases',70),(16,100,'PE','HiSeq2000','Paired end : 105 mio reads : three fourth of a lane : 100 bases',105),(17,100,'PE','HiSeq2000','Paired end : 140 mio reads : full lane : 100 bases',140),(18,75,'SR','HiSeq2000','Single read : 30 mio reads : one fiths of a lane : 75 bases',30),(19,75,'SR','HiSeq2000','Single read : 60 mio reads : two fiths of a lane : 75 bases',60),(20,75,'SR','HiSeq2000','Single read : 90 mio reads : three fiths of a lane : 75 bases',90),(21,75,'SR','HiSeq2000','Single read : 120 mio reads : four fiths of a lane : 75 bases',120),(22,75,'SR','HiSeq2000','Single read : 150 mio reads : full lane : 75 bases',150),(23,100,'SR','HiSeq2000','Single read : 30 mio reads : one fiths of a lane : 100 bases',30),(24,100,'SR','HiSeq2000','Single read : 60 mio reads : two fiths of a lane : 100 bases',60),(25,100,'SR','HiSeq2000','Single read : 90 mio reads : three fiths of a lane : 100 bases',90),(26,100,'SR','HiSeq2000','Single read : 120 mio reads : four fiths of a lane : 100 bases',120),(27,100,'SR','HiSeq2000','Single read : 150 mio reads : full lane : 100 bases',150),(28,50,'SR','HiSeq2000','RRBS',30);
/*!40000 ALTER TABLE `application` ENABLE KEYS */;
UNLOCK TABLES;

--
-- Table structure for table `attribute`
--

DROP TABLE IF EXISTS `attribute`;
/*!40101 SET @saved_cs_client     = @@character_set_client */;
/*!40101 SET character_set_client = utf8 */;
CREATE TABLE `attribute` (
  `idattribute` int(11) NOT NULL AUTO_INCREMENT,
  `attributename` varchar(45) NOT NULL,
  PRIMARY KEY (`idattribute`),
  UNIQUE KEY `attributename_UNIQUE` (`attributename`)
) ENGINE=InnoDB AUTO_INCREMENT=5 DEFAULT CHARSET=utf8;
/*!40101 SET character_set_client = @saved_cs_client */;

--
-- Dumping data for table `attribute`
--

LOCK TABLES `attribute` WRITE;
/*!40000 ALTER TABLE `attribute` DISABLE KEYS */;
INSERT INTO `attribute` VALUES (4,'test');
/*!40000 ALTER TABLE `attribute` ENABLE KEYS */;
UNLOCK TABLES;

--
-- Table structure for table `attributevalue`
--

DROP TABLE IF EXISTS `attributevalue`;
/*!40101 SET @saved_cs_client     = @@character_set_client */;
/*!40101 SET character_set_client = utf8 */;
CREATE TABLE `attributevalue` (
  `sampleid` int(11) NOT NULL,
  `attributeid` int(11) NOT NULL,
  `value` varchar(100) DEFAULT NULL,
  `numericvalue` float DEFAULT NULL,
  `attrvalid` int(11) NOT NULL AUTO_INCREMENT,
  PRIMARY KEY (`attrvalid`),
  KEY `sampleid_idx` (`sampleid`),
  KEY `attributeid_idx` (`attributeid`),
  CONSTRAINT `attributeid` FOREIGN KEY (`attributeid`) REFERENCES `attribute` (`idattribute`) ON DELETE NO ACTION ON UPDATE NO ACTION,
  CONSTRAINT `sampleid` FOREIGN KEY (`sampleid`) REFERENCES `sample` (`sam_id`) ON DELETE CASCADE ON UPDATE NO ACTION
) ENGINE=InnoDB DEFAULT CHARSET=utf8;
/*!40101 SET character_set_client = @saved_cs_client */;

--
-- Dumping data for table `attributevalue`
--

LOCK TABLES `attributevalue` WRITE;
/*!40000 ALTER TABLE `attributevalue` DISABLE KEYS */;
/*!40000 ALTER TABLE `attributevalue` ENABLE KEYS */;
UNLOCK TABLES;

--
-- Table structure for table `collaboration`
--

DROP TABLE IF EXISTS `collaboration`;
/*!40101 SET @saved_cs_client     = @@character_set_client */;
/*!40101 SET character_set_client = utf8 */;
CREATE TABLE `collaboration` (
  `collaborator_id` int(11) NOT NULL,
  `col_project_id` int(11) NOT NULL,
  `modify_permission` tinyint(4) NOT NULL,
  PRIMARY KEY (`collaborator_id`,`col_project_id`),
  KEY `collaborator_id_idx` (`collaborator_id`),
  KEY `project_id_idx` (`col_project_id`),
  CONSTRAINT `collaborator_id` FOREIGN KEY (`collaborator_id`) REFERENCES `user` (`user_id`) ON DELETE CASCADE ON UPDATE NO ACTION,
  CONSTRAINT `col_project_id` FOREIGN KEY (`col_project_id`) REFERENCES `project` (`project_id`) ON DELETE CASCADE ON UPDATE NO ACTION
) ENGINE=InnoDB DEFAULT CHARSET=utf8;
/*!40101 SET character_set_client = @saved_cs_client */;

--
-- Dumping data for table `collaboration`
--

LOCK TABLES `collaboration` WRITE;
/*!40000 ALTER TABLE `collaboration` DISABLE KEYS */;
/*!40000 ALTER TABLE `collaboration` ENABLE KEYS */;
UNLOCK TABLES;

--
-- Table structure for table `communications`
--

DROP TABLE IF EXISTS `communications`;
/*!40101 SET @saved_cs_client     = @@character_set_client */;
/*!40101 SET character_set_client = utf8 */;
CREATE TABLE `communications` (
  `user_id` int(11) NOT NULL,
  `collaborator_id` int(11) NOT NULL,
  PRIMARY KEY (`user_id`,`collaborator_id`)
) ENGINE=InnoDB DEFAULT CHARSET=utf8;
/*!40101 SET character_set_client = @saved_cs_client */;

--
-- Dumping data for table `communications`
--

LOCK TABLES `communications` WRITE;
/*!40000 ALTER TABLE `communications` DISABLE KEYS */;
/*!40000 ALTER TABLE `communications` ENABLE KEYS */;
UNLOCK TABLES;

--
-- Table structure for table `lane`
--

DROP TABLE IF EXISTS `lane`;
/*!40101 SET @saved_cs_client     = @@character_set_client */;
/*!40101 SET character_set_client = utf8 */;
CREATE TABLE `lane` (
  `lane_id` int(11) NOT NULL AUTO_INCREMENT,
  `sam_id` int(11) NOT NULL,
  `run_id` int(11) NOT NULL,
  `lane_name` varchar(100) NOT NULL,
  PRIMARY KEY (`lane_id`),
  KEY `sam_id_idx` (`sam_id`,`run_id`),
  CONSTRAINT `sample_run` FOREIGN KEY (`sam_id`, `run_id`) REFERENCES `samplerun` (`sam_id`, `run_id`) ON DELETE CASCADE ON UPDATE CASCADE
) ENGINE=InnoDB AUTO_INCREMENT=59 DEFAULT CHARSET=latin1;
/*!40101 SET character_set_client = @saved_cs_client */;

--
-- Dumping data for table `lane`
--

LOCK TABLES `lane` WRITE;
/*!40000 ALTER TABLE `lane` DISABLE KEYS */;
INSERT INTO `lane` VALUES (1,1,1,'1'),(2,2,1,'1'),(3,3,1,'1'),(4,4,1,'1'),(5,5,1,'1'),(6,6,1,'1'),(7,7,1,'1'),(8,8,1,'2'),(9,9,1,'2'),(10,10,1,'2'),(11,11,1,'2'),(12,12,1,'2'),(13,13,1,'2'),(14,14,1,'2'),(15,71,1,'3'),(16,72,1,'3'),(17,73,1,'3'),(18,74,1,'3'),(19,75,1,'3'),(20,76,1,'3'),(21,77,1,'3'),(22,78,1,'4'),(23,79,1,'4'),(24,80,1,'4'),(25,81,1,'4'),(26,82,1,'4'),(27,83,1,'4'),(28,84,1,'4'),(29,141,1,'5'),(30,142,1,'5'),(31,143,1,'5'),(32,144,1,'5'),(33,145,1,'5'),(34,146,1,'5'),(35,147,1,'5'),(36,148,1,'6'),(37,149,1,'6'),(38,150,1,'6'),(39,151,1,'6'),(40,152,1,'6'),(41,153,1,'6'),(42,154,1,'6'),(43,15,1,'7'),(44,16,1,'7'),(45,17,1,'7'),(46,18,1,'7'),(47,19,1,'7'),(48,20,1,'7'),(49,21,1,'7'),(50,22,1,'7'),(51,23,1,'8'),(52,24,1,'8'),(53,25,1,'8'),(54,26,1,'8'),(55,27,1,'8'),(56,28,1,'8'),(57,29,1,'8'),(58,30,1,'8');
/*!40000 ALTER TABLE `lane` ENABLE KEYS */;
UNLOCK TABLES;

--
-- Table structure for table `library`
--

DROP TABLE IF EXISTS `library`;
/*!40101 SET @saved_cs_client     = @@character_set_client */;
/*!40101 SET character_set_client = utf8 */;
CREATE TABLE `library` (
  `library_id` int(11) NOT NULL,
  `sample_id` int(11) NOT NULL,
  `libraryName` varchar(1000) DEFAULT NULL,
  PRIMARY KEY (`library_id`,`sample_id`),
  KEY `lib_sam_id_idx` (`sample_id`),
  CONSTRAINT `lib_sam_id` FOREIGN KEY (`sample_id`) REFERENCES `sample` (`sam_id`) ON DELETE CASCADE ON UPDATE NO ACTION
) ENGINE=InnoDB DEFAULT CHARSET=utf8;
/*!40101 SET character_set_client = @saved_cs_client */;

--
-- Dumping data for table `library`
--

LOCK TABLES `library` WRITE;
/*!40000 ALTER TABLE `library` DISABLE KEYS */;
INSERT INTO `library` VALUES (1,1,'u1g1_pool1_L1'),(1,2,'u1g1_pool1_L1'),(1,3,'u1g1_pool1_L1'),(1,4,'u1g1_pool1_L1'),(1,5,'u1g1_pool1_L1'),(1,6,'u1g1_pool1_L1'),(1,7,'u1g1_pool1_L1'),(2,8,'u1g1_pool2_L2'),(2,9,'u1g1_pool2_L2'),(2,10,'u1g1_pool2_L2'),(2,11,'u1g1_pool2_L2'),(2,12,'u1g1_pool2_L2'),(2,13,'u1g1_pool2_L2'),(2,14,'u1g1_pool2_L2'),(3,15,'u1g1_pool3_L3'),(3,16,'u1g1_pool3_L3'),(3,17,'u1g1_pool3_L3'),(3,18,'u1g1_pool3_L3'),(3,19,'u1g1_pool3_L3'),(3,20,'u1g1_pool3_L3'),(3,21,'u1g1_pool3_L3'),(3,22,'u1g1_pool3_L3'),(4,23,'u1g1_pool4_L4'),(4,24,'u1g1_pool4_L4'),(4,25,'u1g1_pool4_L4'),(4,26,'u1g1_pool4_L4'),(4,27,'u1g1_pool4_L4'),(4,28,'u1g1_pool4_L4'),(4,29,'u1g1_pool4_L4'),(4,30,'u1g1_pool4_L4'),(5,31,'u1g1_pool5_L5'),(5,32,'u1g1_pool5_L5'),(5,33,'u1g1_pool5_L5'),(5,34,'u1g1_pool5_L5'),(5,35,'u1g1_pool5_L5'),(5,36,'u1g1_pool5_L5'),(5,37,'u1g1_pool5_L5'),(5,38,'u1g1_pool5_L5'),(6,39,'u1g1_pool6_L6'),(6,40,'u1g1_pool6_L6'),(6,41,'u1g1_pool6_L6'),(6,42,'u1g1_pool6_L6'),(6,43,'u1g1_pool6_L6'),(6,44,'u1g1_pool6_L6'),(6,45,'u1g1_pool6_L6'),(6,46,'u1g1_pool6_L6'),(7,47,'u1g1_pool7_L7'),(7,48,'u1g1_pool7_L7'),(7,49,'u1g1_pool7_L7'),(7,50,'u1g1_pool7_L7'),(7,51,'u1g1_pool7_L7'),(7,52,'u1g1_pool7_L7'),(7,53,'u1g1_pool7_L7'),(7,54,'u1g1_pool7_L7'),(8,55,'u1g1_pool8_L8'),(8,56,'u1g1_pool8_L8'),(8,57,'u1g1_pool8_L8'),(8,58,'u1g1_pool8_L8'),(8,59,'u1g1_pool8_L8'),(8,60,'u1g1_pool8_L8'),(8,61,'u1g1_pool8_L8'),(8,62,'u1g1_pool8_L8'),(9,63,'u1g1_pool9_L9'),(9,64,'u1g1_pool9_L9'),(9,65,'u1g1_pool9_L9'),(9,66,'u1g1_pool9_L9'),(9,67,'u1g1_pool9_L9'),(9,68,'u1g1_pool9_L9'),(9,69,'u1g1_pool9_L9'),(9,70,'u1g1_pool9_L9'),(10,71,'u1g2_pool1_L10'),(10,72,'u1g2_pool1_L10'),(10,73,'u1g2_pool1_L10'),(10,74,'u1g2_pool1_L10'),(10,75,'u1g2_pool1_L10'),(10,76,'u1g2_pool1_L10'),(10,77,'u1g2_pool1_L10'),(11,78,'u1g2_pool2_L11'),(11,79,'u1g2_pool2_L11'),(11,80,'u1g2_pool2_L11'),(11,81,'u1g2_pool2_L11'),(11,82,'u1g2_pool2_L11'),(11,83,'u1g2_pool2_L11'),(11,84,'u1g2_pool2_L11'),(12,85,'u1g2_pool3_L12'),(12,86,'u1g2_pool3_L12'),(12,87,'u1g2_pool3_L12'),(12,88,'u1g2_pool3_L12'),(12,89,'u1g2_pool3_L12'),(12,90,'u1g2_pool3_L12'),(12,91,'u1g2_pool3_L12'),(12,92,'u1g2_pool3_L12'),(13,93,'u1g2_pool4_L13'),(13,94,'u1g2_pool4_L13'),(13,95,'u1g2_pool4_L13'),(13,96,'u1g2_pool4_L13'),(13,97,'u1g2_pool4_L13'),(13,98,'u1g2_pool4_L13'),(13,99,'u1g2_pool4_L13'),(13,100,'u1g2_pool4_L13'),(14,101,'u1g2_pool5_L14'),(14,102,'u1g2_pool5_L14'),(14,103,'u1g2_pool5_L14'),(14,104,'u1g2_pool5_L14'),(14,105,'u1g2_pool5_L14'),(14,106,'u1g2_pool5_L14'),(14,107,'u1g2_pool5_L14'),(14,108,'u1g2_pool5_L14'),(15,109,'u1g2_pool6_L15'),(15,110,'u1g2_pool6_L15'),(15,111,'u1g2_pool6_L15'),(15,112,'u1g2_pool6_L15'),(15,113,'u1g2_pool6_L15'),(15,114,'u1g2_pool6_L15'),(15,115,'u1g2_pool6_L15'),(15,116,'u1g2_pool6_L15'),(16,117,'u1g2_pool7_L16'),(16,118,'u1g2_pool7_L16'),(16,119,'u1g2_pool7_L16'),(16,120,'u1g2_pool7_L16'),(16,121,'u1g2_pool7_L16'),(16,122,'u1g2_pool7_L16'),(16,123,'u1g2_pool7_L16'),(16,124,'u1g2_pool7_L16'),(17,125,'u1g2_pool8_L17'),(17,126,'u1g2_pool8_L17'),(17,127,'u1g2_pool8_L17'),(17,128,'u1g2_pool8_L17'),(17,129,'u1g2_pool8_L17'),(17,130,'u1g2_pool8_L17'),(17,131,'u1g2_pool8_L17'),(17,132,'u1g2_pool8_L17'),(18,133,'u1g2_pool9_L18'),(18,134,'u1g2_pool9_L18'),(18,135,'u1g2_pool9_L18'),(18,136,'u1g2_pool9_L18'),(18,137,'u1g2_pool9_L18'),(18,138,'u1g2_pool9_L18'),(18,139,'u1g2_pool9_L18'),(18,140,'u1g2_pool9_L18'),(19,141,'u1g3_pool1_L19'),(19,142,'u1g3_pool1_L19'),(19,143,'u1g3_pool1_L19'),(19,144,'u1g3_pool1_L19'),(19,145,'u1g3_pool1_L19'),(19,146,'u1g3_pool1_L19'),(19,147,'u1g3_pool1_L19'),(20,148,'u1g3_pool2_L20'),(20,149,'u1g3_pool2_L20'),(20,150,'u1g3_pool2_L20'),(20,151,'u1g3_pool2_L20'),(20,152,'u1g3_pool2_L20'),(20,153,'u1g3_pool2_L20'),(20,154,'u1g3_pool2_L20'),(21,155,'u1g3_pool3_L21'),(21,156,'u1g3_pool3_L21'),(21,157,'u1g3_pool3_L21'),(21,158,'u1g3_pool3_L21'),(21,159,'u1g3_pool3_L21'),(21,160,'u1g3_pool3_L21'),(21,161,'u1g3_pool3_L21'),(21,162,'u1g3_pool3_L21'),(22,163,'u1g3_pool4_L22'),(22,164,'u1g3_pool4_L22'),(22,165,'u1g3_pool4_L22'),(22,166,'u1g3_pool4_L22'),(22,167,'u1g3_pool4_L22'),(22,168,'u1g3_pool4_L22'),(22,169,'u1g3_pool4_L22'),(22,170,'u1g3_pool4_L22'),(23,171,'u1g3_pool5_L23'),(23,172,'u1g3_pool5_L23'),(23,173,'u1g3_pool5_L23'),(23,174,'u1g3_pool5_L23'),(23,175,'u1g3_pool5_L23'),(23,176,'u1g3_pool5_L23'),(23,177,'u1g3_pool5_L23'),(23,178,'u1g3_pool5_L23'),(24,179,'u1g3_pool6_L24'),(24,180,'u1g3_pool6_L24'),(24,181,'u1g3_pool6_L24'),(24,182,'u1g3_pool6_L24'),(24,183,'u1g3_pool6_L24'),(24,184,'u1g3_pool6_L24'),(24,185,'u1g3_pool6_L24'),(24,186,'u1g3_pool6_L24'),(25,187,'u1g3_pool7_L25'),(25,188,'u1g3_pool7_L25'),(25,189,'u1g3_pool7_L25'),(25,190,'u1g3_pool7_L25'),(25,191,'u1g3_pool7_L25'),(25,192,'u1g3_pool7_L25'),(25,193,'u1g3_pool7_L25'),(25,194,'u1g3_pool7_L25'),(26,195,'u1g3_pool8_L26'),(26,196,'u1g3_pool8_L26'),(26,197,'u1g3_pool8_L26'),(26,198,'u1g3_pool8_L26'),(26,199,'u1g3_pool8_L26'),(26,200,'u1g3_pool8_L26'),(26,201,'u1g3_pool8_L26'),(26,202,'u1g3_pool8_L26'),(27,203,'u1g3_pool9_L27'),(27,204,'u1g3_pool9_L27'),(27,205,'u1g3_pool9_L27'),(27,206,'u1g3_pool9_L27'),(27,207,'u1g3_pool9_L27'),(27,208,'u1g3_pool9_L27'),(27,209,'u1g3_pool9_L27'),(27,210,'u1g3_pool9_L27');
/*!40000 ALTER TABLE `library` ENABLE KEYS */;
UNLOCK TABLES;

--
-- Table structure for table `multiplerequest`
--

DROP TABLE IF EXISTS `multiplerequest`;
/*!40101 SET @saved_cs_client     = @@character_set_client */;
/*!40101 SET character_set_client = utf8 */;
CREATE TABLE `multiplerequest` (
  `request_id` int(11) NOT NULL,
  `sample_id` int(11) NOT NULL,
  PRIMARY KEY (`request_id`,`sample_id`),
  KEY `req_sam_id_idx` (`sample_id`),
  CONSTRAINT `req_sam_id` FOREIGN KEY (`sample_id`) REFERENCES `sample` (`sam_id`) ON DELETE CASCADE ON UPDATE NO ACTION
) ENGINE=InnoDB DEFAULT CHARSET=utf8;
/*!40101 SET character_set_client = @saved_cs_client */;

--
-- Dumping data for table `multiplerequest`
--

LOCK TABLES `multiplerequest` WRITE;
/*!40000 ALTER TABLE `multiplerequest` DISABLE KEYS */;
/*!40000 ALTER TABLE `multiplerequest` ENABLE KEYS */;
UNLOCK TABLES;

--
-- Table structure for table `news`
--

DROP TABLE IF EXISTS `news`;
/*!40101 SET @saved_cs_client     = @@character_set_client */;
/*!40101 SET character_set_client = utf8 */;
CREATE TABLE `news` (
  `news_id` int(11) NOT NULL,
  `date` date NOT NULL,
  `header` varchar(255) NOT NULL,
  `body` varchar(1024) NOT NULL,
  PRIMARY KEY (`news_id`)
) ENGINE=InnoDB DEFAULT CHARSET=utf8;
/*!40101 SET character_set_client = @saved_cs_client */;

--
-- Dumping data for table `news`
--

LOCK TABLES `news` WRITE;
/*!40000 ALTER TABLE `news` DISABLE KEYS */;
INSERT INTO `news` VALUES (-1,'2017-11-20','171108_K00288_0077_BHMKLNBBXX','Run 171108_K00288_0077_BHMKLNBBXX has finished.');
/*!40000 ALTER TABLE `news` ENABLE KEYS */;
UNLOCK TABLES;

--
-- Table structure for table `project`
--

DROP TABLE IF EXISTS `project`;
/*!40101 SET @saved_cs_client     = @@character_set_client */;
/*!40101 SET character_set_client = utf8 */;
CREATE TABLE `project` (
  `project_id` int(11) NOT NULL AUTO_INCREMENT,
  `name` varchar(100) DEFAULT NULL,
  `creator_user_id` int(11) DEFAULT NULL,
  `description` varchar(1000) DEFAULT NULL,
  PRIMARY KEY (`project_id`),
  KEY `creator_user_id_idx` (`creator_user_id`),
  CONSTRAINT `creator_user_id` FOREIGN KEY (`creator_user_id`) REFERENCES `user` (`user_id`) ON DELETE NO ACTION ON UPDATE CASCADE
) ENGINE=InnoDB DEFAULT CHARSET=utf8;
/*!40101 SET character_set_client = @saved_cs_client */;

--
-- Dumping data for table `project`
--

LOCK TABLES `project` WRITE;
/*!40000 ALTER TABLE `project` DISABLE KEYS */;
/*!40000 ALTER TABLE `project` ENABLE KEYS */;
UNLOCK TABLES;

--
-- Table structure for table `projectsamples`
--

DROP TABLE IF EXISTS `projectsamples`;
/*!40101 SET @saved_cs_client     = @@character_set_client */;
/*!40101 SET character_set_client = utf8 */;
CREATE TABLE `projectsamples` (
  `project_id` int(11) NOT NULL,
  `sample_id` int(11) NOT NULL,
  PRIMARY KEY (`project_id`,`sample_id`),
  KEY `project_id_idx` (`project_id`),
  KEY `sample_id_idx` (`sample_id`),
  CONSTRAINT `project_id` FOREIGN KEY (`project_id`) REFERENCES `project` (`project_id`) ON DELETE NO ACTION ON UPDATE NO ACTION,
  CONSTRAINT `sample_id` FOREIGN KEY (`sample_id`) REFERENCES `sample` (`sam_id`) ON DELETE NO ACTION ON UPDATE NO ACTION
) ENGINE=InnoDB DEFAULT CHARSET=utf8;
/*!40101 SET character_set_client = @saved_cs_client */;

--
-- Dumping data for table `projectsamples`
--

LOCK TABLES `projectsamples` WRITE;
/*!40000 ALTER TABLE `projectsamples` DISABLE KEYS */;
/*!40000 ALTER TABLE `projectsamples` ENABLE KEYS */;
UNLOCK TABLES;

--
-- Table structure for table `rawdata`
--

DROP TABLE IF EXISTS `rawdata`;
/*!40101 SET @saved_cs_client     = @@character_set_client */;
/*!40101 SET character_set_client = utf8 */;
CREATE TABLE `rawdata` (
  `raw_id` int(11) NOT NULL AUTO_INCREMENT,
  `run_id` int(11) NOT NULL,
  `sam_id` int(11) NOT NULL,
  `folder_URL` varchar(576) NOT NULL,
  `bcltofastqcommnad` varchar(576) NOT NULL,
  `fastqcreferencer1` varchar(576) NOT NULL,
  `fastqcreferencer2` varchar(576) NOT NULL,
  PRIMARY KEY (`raw_id`),
  KEY `run_id_idx` (`run_id`,`sam_id`),
  CONSTRAINT `runSam_id` FOREIGN KEY (`run_id`, `sam_id`) REFERENCES `samplerun` (`run_id`, `sam_id`) ON DELETE NO ACTION ON UPDATE NO ACTION
) ENGINE=InnoDB DEFAULT CHARSET=utf8;
/*!40101 SET character_set_client = @saved_cs_client */;

--
-- Dumping data for table `rawdata`
--

LOCK TABLES `rawdata` WRITE;
/*!40000 ALTER TABLE `rawdata` DISABLE KEYS */;
/*!40000 ALTER TABLE `rawdata` ENABLE KEYS */;
UNLOCK TABLES;

--
-- Table structure for table `reagent`
--

DROP TABLE IF EXISTS `reagent`;
/*!40101 SET @saved_cs_client     = @@character_set_client */;
/*!40101 SET character_set_client = utf8 */;
CREATE TABLE `reagent` (
  `reagentbarcode` varchar(100) NOT NULL,
  `operator_user_id` int(11) NOT NULL,
  `application` varchar(100) DEFAULT NULL,
  `cataloguenumber` varchar(100) DEFAULT NULL,
  `supportedreactions` int(11) DEFAULT NULL,
  `receptiondate` date DEFAULT NULL,
  `expirationdate` date DEFAULT NULL,
  `price` double DEFAULT NULL,
  `comments` varchar(1024) DEFAULT NULL,
  `owner_id` int(11) NOT NULL,
  `institute` varchar(100) NOT NULL,
  `costcenter` varchar(100) NOT NULL,
  PRIMARY KEY (`reagentbarcode`),
  UNIQUE KEY `reagentbarcode_UNIQUE` (`reagentbarcode`),
  KEY `operator_user_id_idx` (`operator_user_id`),
  KEY `owner_user_id_idx` (`owner_id`),
  CONSTRAINT `operator_user_id` FOREIGN KEY (`operator_user_id`) REFERENCES `user` (`user_id`) ON DELETE NO ACTION ON UPDATE NO ACTION,
  CONSTRAINT `owner_user_id` FOREIGN KEY (`owner_id`) REFERENCES `user` (`user_id`) ON DELETE NO ACTION ON UPDATE NO ACTION
) ENGINE=InnoDB DEFAULT CHARSET=utf8;
/*!40101 SET character_set_client = @saved_cs_client */;

--
-- Dumping data for table `reagent`
--

LOCK TABLES `reagent` WRITE;
/*!40000 ALTER TABLE `reagent` DISABLE KEYS */;
INSERT INTO `reagent` VALUES ('',2,'Cluster generation','unknown',1000,'2017-11-20','2017-11-20',0,'Reagent added automatically by LIMS. Please add missing information.',2,'unknown','unknown'),('unknown',2,'Sequencing','unknown',1000,'2017-11-20','2017-11-20',0,'Reagent added automatically by LIMS. Please add missing information.',2,'unknown','unknown');
/*!40000 ALTER TABLE `reagent` ENABLE KEYS */;
UNLOCK TABLES;

--
-- Table structure for table `sample`
--

DROP TABLE IF EXISTS `sample`;
/*!40101 SET @saved_cs_client     = @@character_set_client */;
/*!40101 SET character_set_client = utf8 */;
CREATE TABLE `sample` (
  `sam_id` int(11) NOT NULL AUTO_INCREMENT,
  `requester_user_id` int(11) NOT NULL,
  `application_id` int(11) NOT NULL,
  `organism` varchar(100) NOT NULL,
  `type` varchar(75) NOT NULL,
  `antibody` varchar(100) DEFAULT NULL,
  `librarysynthesisneeded` bit(1) NOT NULL,
  `concentration` double NOT NULL,
  `totalamount` double NOT NULL,
  `bulkfragmentsize` double NOT NULL,
  `costcenter` varchar(255) NOT NULL,
  `status` varchar(45) NOT NULL,
  `name` varchar(75) NOT NULL,
  `comment` varchar(1024) NOT NULL,
  `description` varchar(1024) NOT NULL,
  `requestdate` date DEFAULT NULL,
  `bioanalyzerdate` date DEFAULT NULL,
  `bionalyzerbiomolarity` double DEFAULT NULL,
  `submission_id` int(11) DEFAULT NULL,
  `experimentName` varchar(45) DEFAULT NULL,
  `sequencingIndexId` int(11) DEFAULT NULL,
  PRIMARY KEY (`sam_id`),
  KEY `request_id_idx` (`requester_user_id`),
  KEY `application_id_idx` (`application_id`),
  KEY `seqIndex_id_idx` (`sequencingIndexId`),
  CONSTRAINT `application_id` FOREIGN KEY (`application_id`) REFERENCES `application` (`application_id`) ON DELETE NO ACTION ON UPDATE NO ACTION,
  CONSTRAINT `requester_user_id` FOREIGN KEY (`requester_user_id`) REFERENCES `user` (`user_id`) ON DELETE NO ACTION ON UPDATE NO ACTION,
  CONSTRAINT `seqIndex_id` FOREIGN KEY (`sequencingIndexId`) REFERENCES `sequencingindexes` (`idsequencingindexes`) ON DELETE NO ACTION ON UPDATE NO ACTION
) ENGINE=InnoDB AUTO_INCREMENT=211 DEFAULT CHARSET=utf8;
/*!40101 SET character_set_client = @saved_cs_client */;

--
-- Dumping data for table `sample`
--

LOCK TABLES `sample` WRITE;
/*!40000 ALTER TABLE `sample` DISABLE KEYS */;
INSERT INTO `sample` VALUES (1,6,28,'Human','','','\0',5,0,200,'Group1 Leader','running','u1g1s1_S1','','u1g1_RRBS','2017-01-02','2017-01-02',0,1,'RRBS',150),(2,6,28,'Human','','','\0',5,0,200,'Group1 Leader','running','u1g1s2_S2','','u1g1_RRBS','2017-01-02','2017-01-02',0,1,'RRBS',146),(3,6,28,'Human','','','\0',5,0,200,'Group1 Leader','running','u1g1s3_S3','','u1g1_RRBS','2017-01-02','2017-01-02',0,1,'RRBS',166),(4,6,28,'Human','','','\0',5,0,200,'Group1 Leader','running','u1g1s4_S4','','u1g1_RRBS','2017-01-02','2017-01-02',0,1,'RRBS',148),(5,6,28,'Human','','','\0',5,0,200,'Group1 Leader','running','u1g1s5_S5','','u1g1_RRBS','2017-01-02','2017-01-02',0,1,'RRBS',156),(6,6,28,'Human','','','\0',5,0,200,'Group1 Leader','running','u1g1s6_S6','','u1g1_RRBS','2017-01-02','2017-01-02',0,1,'RRBS',165),(7,6,28,'Human','','','\0',5,0,200,'Group1 Leader','running','u1g1s7_S7','','u1g1_RRBS','2017-01-02','2017-01-02',0,1,'RRBS',155),(8,6,28,'Human','','','\0',5,0,200,'Group1 Leader','running','u1g1s8_S8','','u1g1_RRBS','2017-01-02','2017-01-02',0,1,'RRBS',148),(9,6,28,'Human','','','\0',5,0,200,'Group1 Leader','running','u1g1s9_S9','','u1g1_RRBS','2017-01-02','2017-01-02',0,1,'RRBS',166),(10,6,28,'Human','','','\0',5,0,200,'Group1 Leader','running','u1g1s10_S10','','u1g1_RRBS','2017-01-02','2017-01-02',0,1,'RRBS',154),(11,6,28,'Human','','','\0',5,0,200,'Group1 Leader','running','u1g1s11_S11','','u1g1_RRBS','2017-01-02','2017-01-02',0,1,'RRBS',151),(12,6,28,'Human','','','\0',5,0,200,'Group1 Leader','running','u1g1s12_S12','','u1g1_RRBS','2017-01-02','2017-01-02',0,1,'RRBS',168),(13,6,28,'Human','','','\0',5,0,200,'Group1 Leader','running','u1g1s13_S13','','u1g1_RRBS','2017-01-02','2017-01-02',0,1,'RRBS',152),(14,6,28,'Human','','','\0',5,0,200,'Group1 Leader','running','u1g1s14_S14','','u1g1_RRBS','2017-01-02','2017-01-02',0,1,'RRBS',155),(15,6,28,'Human','','','\0',5,0,200,'Group1 Leader','running','u1g1s15_S15','','u1g1_RRBS','2017-01-02','2017-01-02',0,1,'RRBS',148),(16,6,28,'Human','','','\0',5,0,200,'Group1 Leader','running','u1g1s16_S16','','u1g1_RRBS','2017-01-02','2017-01-02',0,1,'RRBS',166),(17,6,28,'Human','','','\0',5,0,200,'Group1 Leader','running','u1g1s17_S17','','u1g1_RRBS','2017-01-02','2017-01-02',0,1,'RRBS',153),(18,6,28,'Human','','','\0',5,0,200,'Group1 Leader','running','u1g1s18_S18','','u1g1_RRBS','2017-01-02','2017-01-02',0,1,'RRBS',149),(19,6,28,'Human','','','\0',5,0,200,'Group1 Leader','running','u1g1s19_S19','','u1g1_RRBS','2017-01-02','2017-01-02',0,1,'RRBS',161),(20,6,28,'Human','','','\0',5,0,200,'Group1 Leader','running','u1g1s20_S20','','u1g1_RRBS','2017-01-02','2017-01-02',0,1,'RRBS',146),(21,6,28,'Human','','','\0',5,0,200,'Group1 Leader','running','u1g1s21_S21','','u1g1_RRBS','2017-01-02','2017-01-02',0,1,'RRBS',150),(22,6,28,'Human','','','\0',5,0,200,'Group1 Leader','running','u1g1s22_S22','','u1g1_RRBS','2017-01-02','2017-01-02',0,1,'RRBS',168),(23,6,28,'Human','','','\0',5,0,200,'Group1 Leader','running','u1g1s23_S23','','u1g1_RRBS','2017-01-02','2017-01-02',0,1,'RRBS',156),(24,6,28,'Human','','','\0',5,0,200,'Group1 Leader','running','u1g1s24_S24','','u1g1_RRBS','2017-01-02','2017-01-02',0,1,'RRBS',163),(25,6,28,'Human','','','\0',5,0,200,'Group1 Leader','running','u1g1s25_S25','','u1g1_RRBS','2017-01-02','2017-01-02',0,1,'RRBS',169),(26,6,28,'Human','','','\0',5,0,200,'Group1 Leader','running','u1g1s26_S26','','u1g1_RRBS','2017-01-02','2017-01-02',0,1,'RRBS',668),(27,6,28,'Human','','','\0',5,0,200,'Group1 Leader','running','u1g1s27_S27','','u1g1_RRBS','2017-01-02','2017-01-02',0,1,'RRBS',151),(28,6,28,'Human','','','\0',5,0,200,'Group1 Leader','running','u1g1s28_S28','','u1g1_RRBS','2017-01-02','2017-01-02',0,1,'RRBS',147),(29,6,28,'Human','','','\0',5,0,200,'Group1 Leader','running','u1g1s29_S29','','u1g1_RRBS','2017-01-02','2017-01-02',0,1,'RRBS',155),(30,6,28,'Human','','','\0',5,0,200,'Group1 Leader','running','u1g1s30_S30','','u1g1_RRBS','2017-01-02','2017-01-02',0,1,'RRBS',159),(31,6,28,'Human','','','\0',5,0,200,'Group1 Leader','requested','u1g1s31_S31','','u1g1_RRBS','2017-01-02','2017-01-02',0,1,'RRBS',167),(32,6,28,'Human','','','\0',5,0,200,'Group1 Leader','requested','u1g1s32_S32','','u1g1_RRBS','2017-01-02','2017-01-02',0,1,'RRBS',164),(33,6,28,'Human','','','\0',5,0,200,'Group1 Leader','requested','u1g1s33_S33','','u1g1_RRBS','2017-01-02','2017-01-02',0,1,'RRBS',154),(34,6,28,'Human','','','\0',5,0,200,'Group1 Leader','requested','u1g1s34_S34','','u1g1_RRBS','2017-01-02','2017-01-02',0,1,'RRBS',158),(35,6,28,'Human','','','\0',5,0,200,'Group1 Leader','requested','u1g1s35_S35','','u1g1_RRBS','2017-01-02','2017-01-02',0,1,'RRBS',157),(36,6,28,'Human','','','\0',5,0,200,'Group1 Leader','requested','u1g1s36_S36','','u1g1_RRBS','2017-01-02','2017-01-02',0,1,'RRBS',165),(37,6,28,'Human','','','\0',5,0,200,'Group1 Leader','requested','u1g1s37_S37','','u1g1_RRBS','2017-01-02','2017-01-02',0,1,'RRBS',152),(38,6,28,'Human','','','\0',5,0,200,'Group1 Leader','requested','u1g1s38_S38','','u1g1_RRBS','2017-01-02','2017-01-02',0,1,'RRBS',160),(39,6,28,'Human','','','\0',5,0,200,'Group1 Leader','requested','u1g1s39_S39','','u1g1_RRBS','2017-01-02','2017-01-02',0,1,'RRBS',153),(40,6,28,'Human','','','\0',5,0,200,'Group1 Leader','requested','u1g1s40_S40','','u1g1_RRBS','2017-01-02','2017-01-02',0,1,'RRBS',161),(41,6,28,'Human','','','\0',5,0,200,'Group1 Leader','requested','u1g1s41_S41','','u1g1_RRBS','2017-01-02','2017-01-02',0,1,'RRBS',156),(42,6,28,'Human','','','\0',5,0,200,'Group1 Leader','requested','u1g1s42_S42','','u1g1_RRBS','2017-01-02','2017-01-02',0,1,'RRBS',149),(43,6,28,'Human','','','\0',5,0,200,'Group1 Leader','requested','u1g1s43_S43','','u1g1_RRBS','2017-01-02','2017-01-02',0,1,'RRBS',169),(44,6,28,'Human','','','\0',5,0,200,'Group1 Leader','requested','u1g1s44_S44','','u1g1_RRBS','2017-01-02','2017-01-02',0,1,'RRBS',163),(45,6,28,'Human','','','\0',5,0,200,'Group1 Leader','requested','u1g1s45_S45','','u1g1_RRBS','2017-01-02','2017-01-02',0,1,'RRBS',668),(46,6,28,'Human','','','\0',5,0,200,'Group1 Leader','requested','u1g1s46_S46','','u1g1_RRBS','2017-01-02','2017-01-02',0,1,'RRBS',147),(47,6,28,'Human','','','\0',5,0,200,'Group1 Leader','requested','u1g1s47_S47','','u1g1_RRBS','2017-01-02','2017-01-02',0,1,'RRBS',154),(48,6,28,'Human','','','\0',5,0,200,'Group1 Leader','requested','u1g1s48_S48','','u1g1_RRBS','2017-01-02','2017-01-02',0,1,'RRBS',150),(49,6,28,'Human','','','\0',5,0,200,'Group1 Leader','requested','u1g1s49_S49','','u1g1_RRBS','2017-01-02','2017-01-02',0,1,'RRBS',159),(50,6,28,'Human','','','\0',5,0,200,'Group1 Leader','requested','u1g1s50_S50','','u1g1_RRBS','2017-01-02','2017-01-02',0,1,'RRBS',164),(51,6,28,'Human','','','\0',5,0,200,'Group1 Leader','requested','u1g1s51_S51','','u1g1_RRBS','2017-01-02','2017-01-02',0,1,'RRBS',158),(52,6,28,'Human','','','\0',5,0,200,'Group1 Leader','requested','u1g1s52_S52','','u1g1_RRBS','2017-01-02','2017-01-02',0,1,'RRBS',157),(53,6,28,'Human','','','\0',5,0,200,'Group1 Leader','requested','u1g1s53_S53','','u1g1_RRBS','2017-01-02','2017-01-02',0,1,'RRBS',167),(54,6,28,'Human','','','\0',5,0,200,'Group1 Leader','requested','u1g1s54_S54','','u1g1_RRBS','2017-01-02','2017-01-02',0,1,'RRBS',151),(55,6,28,'Human','','','\0',5,0,200,'Group1 Leader','requested','u1g1s55_S55','','u1g1_RRBS','2017-01-02','2017-01-02',0,1,'RRBS',149),(56,6,28,'Human','','','\0',5,0,200,'Group1 Leader','requested','u1g1s56_S56','','u1g1_RRBS','2017-01-02','2017-01-02',0,1,'RRBS',147),(57,6,28,'Human','','','\0',5,0,200,'Group1 Leader','requested','u1g1s57_S57','','u1g1_RRBS','2017-01-02','2017-01-02',0,1,'RRBS',668),(58,6,28,'Human','','','\0',5,0,200,'Group1 Leader','requested','u1g1s58_S58','','u1g1_RRBS','2017-01-02','2017-01-02',0,1,'RRBS',163),(59,6,28,'Human','','','\0',5,0,200,'Group1 Leader','requested','u1g1s59_S59','','u1g1_RRBS','2017-01-02','2017-01-02',0,1,'RRBS',160),(60,6,28,'Human','','','\0',5,0,200,'Group1 Leader','requested','u1g1s60_S60','','u1g1_RRBS','2017-01-02','2017-01-02',0,1,'RRBS',165),(61,6,28,'Human','','','\0',5,0,200,'Group1 Leader','requested','u1g1s61_S61','','u1g1_RRBS','2017-01-02','2017-01-02',0,1,'RRBS',146),(62,6,28,'Human','','','\0',5,0,200,'Group1 Leader','requested','u1g1s62_S62','','u1g1_RRBS','2017-01-02','2017-01-02',0,1,'RRBS',152),(63,6,28,'Human','','','\0',5,0,200,'Group1 Leader','requested','u1g1s63_S63','','u1g1_RRBS','2017-01-02','2017-01-02',0,1,'RRBS',161),(64,6,28,'Human','','','\0',5,0,200,'Group1 Leader','requested','u1g1s64_S64','','u1g1_RRBS','2017-01-02','2017-01-02',0,1,'RRBS',158),(65,6,28,'Human','','','\0',5,0,200,'Group1 Leader','requested','u1g1s65_S65','','u1g1_RRBS','2017-01-02','2017-01-02',0,1,'RRBS',167),(66,6,28,'Human','','','\0',5,0,200,'Group1 Leader','requested','u1g1s66_S66','','u1g1_RRBS','2017-01-02','2017-01-02',0,1,'RRBS',153),(67,6,28,'Human','','','\0',5,0,200,'Group1 Leader','requested','u1g1s67_S67','','u1g1_RRBS','2017-01-02','2017-01-02',0,1,'RRBS',157),(68,6,28,'Human','','','\0',5,0,200,'Group1 Leader','requested','u1g1s68_S68','','u1g1_RRBS','2017-01-02','2017-01-02',0,1,'RRBS',160),(69,6,28,'Human','','','\0',5,0,200,'Group1 Leader','requested','u1g1s69_S69','','u1g1_RRBS','2017-01-02','2017-01-02',0,1,'RRBS',164),(70,6,28,'Human','','','\0',5,0,200,'Group1 Leader','requested','u1g1s70_S70','','u1g1_RRBS','2017-01-02','2017-01-02',0,1,'RRBS',159),(71,9,28,'Human','','','\0',5,0,200,'Group2 Leader','running','u1g2s1_S71','','u1g2_RRBS','2017-01-02','2017-01-02',0,2,'RRBS',150),(72,9,28,'Human','','','\0',5,0,200,'Group2 Leader','running','u1g2s2_S72','','u1g2_RRBS','2017-01-02','2017-01-02',0,2,'RRBS',146),(73,9,28,'Human','','','\0',5,0,200,'Group2 Leader','running','u1g2s3_S73','','u1g2_RRBS','2017-01-02','2017-01-02',0,2,'RRBS',166),(74,9,28,'Human','','','\0',5,0,200,'Group2 Leader','running','u1g2s4_S74','','u1g2_RRBS','2017-01-02','2017-01-02',0,2,'RRBS',148),(75,9,28,'Human','','','\0',5,0,200,'Group2 Leader','running','u1g2s5_S75','','u1g2_RRBS','2017-01-02','2017-01-02',0,2,'RRBS',156),(76,9,28,'Human','','','\0',5,0,200,'Group2 Leader','running','u1g2s6_S76','','u1g2_RRBS','2017-01-02','2017-01-02',0,2,'RRBS',165),(77,9,28,'Human','','','\0',5,0,200,'Group2 Leader','running','u1g2s7_S77','','u1g2_RRBS','2017-01-02','2017-01-02',0,2,'RRBS',155),(78,9,28,'Human','','','\0',5,0,200,'Group2 Leader','running','u1g2s8_S78','','u1g2_RRBS','2017-01-02','2017-01-02',0,2,'RRBS',148),(79,9,28,'Human','','','\0',5,0,200,'Group2 Leader','running','u1g2s9_S79','','u1g2_RRBS','2017-01-02','2017-01-02',0,2,'RRBS',166),(80,9,28,'Human','','','\0',5,0,200,'Group2 Leader','running','u1g2s10_S80','','u1g2_RRBS','2017-01-02','2017-01-02',0,2,'RRBS',154),(81,9,28,'Human','','','\0',5,0,200,'Group2 Leader','running','u1g2s11_S81','','u1g2_RRBS','2017-01-02','2017-01-02',0,2,'RRBS',151),(82,9,28,'Human','','','\0',5,0,200,'Group2 Leader','running','u1g2s12_S82','','u1g2_RRBS','2017-01-02','2017-01-02',0,2,'RRBS',168),(83,9,28,'Human','','','\0',5,0,200,'Group2 Leader','running','u1g2s13_S83','','u1g2_RRBS','2017-01-02','2017-01-02',0,2,'RRBS',152),(84,9,28,'Human','','','\0',5,0,200,'Group2 Leader','running','u1g2s14_S84','','u1g2_RRBS','2017-01-02','2017-01-02',0,2,'RRBS',155),(85,9,28,'Human','','','\0',5,0,200,'Group2 Leader','requested','u1g2s15_S85','','u1g2_RRBS','2017-01-02','2017-01-02',0,2,'RRBS',148),(86,9,28,'Human','','','\0',5,0,200,'Group2 Leader','requested','u1g2s16_S86','','u1g2_RRBS','2017-01-02','2017-01-02',0,2,'RRBS',166),(87,9,28,'Human','','','\0',5,0,200,'Group2 Leader','requested','u1g2s17_S87','','u1g2_RRBS','2017-01-02','2017-01-02',0,2,'RRBS',153),(88,9,28,'Human','','','\0',5,0,200,'Group2 Leader','requested','u1g2s18_S88','','u1g2_RRBS','2017-01-02','2017-01-02',0,2,'RRBS',149),(89,9,28,'Human','','','\0',5,0,200,'Group2 Leader','requested','u1g2s19_S89','','u1g2_RRBS','2017-01-02','2017-01-02',0,2,'RRBS',161),(90,9,28,'Human','','','\0',5,0,200,'Group2 Leader','requested','u1g2s20_S90','','u1g2_RRBS','2017-01-02','2017-01-02',0,2,'RRBS',146),(91,9,28,'Human','','','\0',5,0,200,'Group2 Leader','requested','u1g2s21_S91','','u1g2_RRBS','2017-01-02','2017-01-02',0,2,'RRBS',150),(92,9,28,'Human','','','\0',5,0,200,'Group2 Leader','requested','u1g2s22_S92','','u1g2_RRBS','2017-01-02','2017-01-02',0,2,'RRBS',168),(93,9,28,'Human','','','\0',5,0,200,'Group2 Leader','requested','u1g2s23_S93','','u1g2_RRBS','2017-01-02','2017-01-02',0,2,'RRBS',156),(94,9,28,'Human','','','\0',5,0,200,'Group2 Leader','requested','u1g2s24_S94','','u1g2_RRBS','2017-01-02','2017-01-02',0,2,'RRBS',163),(95,9,28,'Human','','','\0',5,0,200,'Group2 Leader','requested','u1g2s25_S95','','u1g2_RRBS','2017-01-02','2017-01-02',0,2,'RRBS',169),(96,9,28,'Human','','','\0',5,0,200,'Group2 Leader','requested','u1g2s26_S96','','u1g2_RRBS','2017-01-02','2017-01-02',0,2,'RRBS',668),(97,9,28,'Human','','','\0',5,0,200,'Group2 Leader','requested','u1g2s27_S97','','u1g2_RRBS','2017-01-02','2017-01-02',0,2,'RRBS',151),(98,9,28,'Human','','','\0',5,0,200,'Group2 Leader','requested','u1g2s28_S98','','u1g2_RRBS','2017-01-02','2017-01-02',0,2,'RRBS',147),(99,9,28,'Human','','','\0',5,0,200,'Group2 Leader','requested','u1g2s29_S99','','u1g2_RRBS','2017-01-02','2017-01-02',0,2,'RRBS',155),(100,9,28,'Human','','','\0',5,0,200,'Group2 Leader','requested','u1g2s30_S100','','u1g2_RRBS','2017-01-02','2017-01-02',0,2,'RRBS',159),(101,9,28,'Human','','','\0',5,0,200,'Group2 Leader','requested','u1g2s31_S101','','u1g2_RRBS','2017-01-02','2017-01-02',0,2,'RRBS',167),(102,9,28,'Human','','','\0',5,0,200,'Group2 Leader','requested','u1g2s32_S102','','u1g2_RRBS','2017-01-02','2017-01-02',0,2,'RRBS',164),(103,9,28,'Human','','','\0',5,0,200,'Group2 Leader','requested','u1g2s33_S103','','u1g2_RRBS','2017-01-02','2017-01-02',0,2,'RRBS',154),(104,9,28,'Human','','','\0',5,0,200,'Group2 Leader','requested','u1g2s34_S104','','u1g2_RRBS','2017-01-02','2017-01-02',0,2,'RRBS',158),(105,9,28,'Human','','','\0',5,0,200,'Group2 Leader','requested','u1g2s35_S105','','u1g2_RRBS','2017-01-02','2017-01-02',0,2,'RRBS',157),(106,9,28,'Human','','','\0',5,0,200,'Group2 Leader','requested','u1g2s36_S106','','u1g2_RRBS','2017-01-02','2017-01-02',0,2,'RRBS',165),(107,9,28,'Human','','','\0',5,0,200,'Group2 Leader','requested','u1g2s37_S107','','u1g2_RRBS','2017-01-02','2017-01-02',0,2,'RRBS',152),(108,9,28,'Human','','','\0',5,0,200,'Group2 Leader','requested','u1g2s38_S108','','u1g2_RRBS','2017-01-02','2017-01-02',0,2,'RRBS',160),(109,9,28,'Human','','','\0',5,0,200,'Group2 Leader','requested','u1g2s39_S109','','u1g2_RRBS','2017-01-02','2017-01-02',0,2,'RRBS',153),(110,9,28,'Human','','','\0',5,0,200,'Group2 Leader','requested','u1g2s40_S110','','u1g2_RRBS','2017-01-02','2017-01-02',0,2,'RRBS',161),(111,9,28,'Human','','','\0',5,0,200,'Group2 Leader','requested','u1g2s41_S111','','u1g2_RRBS','2017-01-02','2017-01-02',0,2,'RRBS',156),(112,9,28,'Human','','','\0',5,0,200,'Group2 Leader','requested','u1g2s42_S112','','u1g2_RRBS','2017-01-02','2017-01-02',0,2,'RRBS',149),(113,9,28,'Human','','','\0',5,0,200,'Group2 Leader','requested','u1g2s43_S113','','u1g2_RRBS','2017-01-02','2017-01-02',0,2,'RRBS',169),(114,9,28,'Human','','','\0',5,0,200,'Group2 Leader','requested','u1g2s44_S114','','u1g2_RRBS','2017-01-02','2017-01-02',0,2,'RRBS',163),(115,9,28,'Human','','','\0',5,0,200,'Group2 Leader','requested','u1g2s45_S115','','u1g2_RRBS','2017-01-02','2017-01-02',0,2,'RRBS',668),(116,9,28,'Human','','','\0',5,0,200,'Group2 Leader','requested','u1g2s46_S116','','u1g2_RRBS','2017-01-02','2017-01-02',0,2,'RRBS',147),(117,9,28,'Human','','','\0',5,0,200,'Group2 Leader','requested','u1g2s47_S117','','u1g2_RRBS','2017-01-02','2017-01-02',0,2,'RRBS',154),(118,9,28,'Human','','','\0',5,0,200,'Group2 Leader','requested','u1g2s48_S118','','u1g2_RRBS','2017-01-02','2017-01-02',0,2,'RRBS',150),(119,9,28,'Human','','','\0',5,0,200,'Group2 Leader','requested','u1g2s49_S119','','u1g2_RRBS','2017-01-02','2017-01-02',0,2,'RRBS',159),(120,9,28,'Human','','','\0',5,0,200,'Group2 Leader','requested','u1g2s50_S120','','u1g2_RRBS','2017-01-02','2017-01-02',0,2,'RRBS',164),(121,9,28,'Human','','','\0',5,0,200,'Group2 Leader','requested','u1g2s51_S121','','u1g2_RRBS','2017-01-02','2017-01-02',0,2,'RRBS',158),(122,9,28,'Human','','','\0',5,0,200,'Group2 Leader','requested','u1g2s52_S122','','u1g2_RRBS','2017-01-02','2017-01-02',0,2,'RRBS',157),(123,9,28,'Human','','','\0',5,0,200,'Group2 Leader','requested','u1g2s53_S123','','u1g2_RRBS','2017-01-02','2017-01-02',0,2,'RRBS',167),(124,9,28,'Human','','','\0',5,0,200,'Group2 Leader','requested','u1g2s54_S124','','u1g2_RRBS','2017-01-02','2017-01-02',0,2,'RRBS',151),(125,9,28,'Human','','','\0',5,0,200,'Group2 Leader','requested','u1g2s55_S125','','u1g2_RRBS','2017-01-02','2017-01-02',0,2,'RRBS',149),(126,9,28,'Human','','','\0',5,0,200,'Group2 Leader','requested','u1g2s56_S126','','u1g2_RRBS','2017-01-02','2017-01-02',0,2,'RRBS',147),(127,9,28,'Human','','','\0',5,0,200,'Group2 Leader','requested','u1g2s57_S127','','u1g2_RRBS','2017-01-02','2017-01-02',0,2,'RRBS',668),(128,9,28,'Human','','','\0',5,0,200,'Group2 Leader','requested','u1g2s58_S128','','u1g2_RRBS','2017-01-02','2017-01-02',0,2,'RRBS',163),(129,9,28,'Human','','','\0',5,0,200,'Group2 Leader','requested','u1g2s59_S129','','u1g2_RRBS','2017-01-02','2017-01-02',0,2,'RRBS',160),(130,9,28,'Human','','','\0',5,0,200,'Group2 Leader','requested','u1g2s60_S130','','u1g2_RRBS','2017-01-02','2017-01-02',0,2,'RRBS',165),(131,9,28,'Human','','','\0',5,0,200,'Group2 Leader','requested','u1g2s61_S131','','u1g2_RRBS','2017-01-02','2017-01-02',0,2,'RRBS',146),(132,9,28,'Human','','','\0',5,0,200,'Group2 Leader','requested','u1g2s62_S132','','u1g2_RRBS','2017-01-02','2017-01-02',0,2,'RRBS',152),(133,9,28,'Human','','','\0',5,0,200,'Group2 Leader','requested','u1g2s63_S133','','u1g2_RRBS','2017-01-02','2017-01-02',0,2,'RRBS',161),(134,9,28,'Human','','','\0',5,0,200,'Group2 Leader','requested','u1g2s64_S134','','u1g2_RRBS','2017-01-02','2017-01-02',0,2,'RRBS',158),(135,9,28,'Human','','','\0',5,0,200,'Group2 Leader','requested','u1g2s65_S135','','u1g2_RRBS','2017-01-02','2017-01-02',0,2,'RRBS',167),(136,9,28,'Human','','','\0',5,0,200,'Group2 Leader','requested','u1g2s66_S136','','u1g2_RRBS','2017-01-02','2017-01-02',0,2,'RRBS',153),(137,9,28,'Human','','','\0',5,0,200,'Group2 Leader','requested','u1g2s67_S137','','u1g2_RRBS','2017-01-02','2017-01-02',0,2,'RRBS',157),(138,9,28,'Human','','','\0',5,0,200,'Group2 Leader','requested','u1g2s68_S138','','u1g2_RRBS','2017-01-02','2017-01-02',0,2,'RRBS',160),(139,9,28,'Human','','','\0',5,0,200,'Group2 Leader','requested','u1g2s69_S139','','u1g2_RRBS','2017-01-02','2017-01-02',0,2,'RRBS',164),(140,9,28,'Human','','','\0',5,0,200,'Group2 Leader','requested','u1g2s70_S140','','u1g2_RRBS','2017-01-02','2017-01-02',0,2,'RRBS',159),(141,12,28,'Human','','','\0',5,0,200,'Group3 Leader','running','u1g3s1_S141','','u1g3_RRBS','2017-01-02','2017-01-02',0,3,'RRBS',150),(142,12,28,'Human','','','\0',5,0,200,'Group3 Leader','running','u1g3s2_S142','','u1g3_RRBS','2017-01-02','2017-01-02',0,3,'RRBS',146),(143,12,28,'Human','','','\0',5,0,200,'Group3 Leader','running','u1g3s3_S143','','u1g3_RRBS','2017-01-02','2017-01-02',0,3,'RRBS',166),(144,12,28,'Human','','','\0',5,0,200,'Group3 Leader','running','u1g3s4_S144','','u1g3_RRBS','2017-01-02','2017-01-02',0,3,'RRBS',148),(145,12,28,'Human','','','\0',5,0,200,'Group3 Leader','running','u1g3s5_S145','','u1g3_RRBS','2017-01-02','2017-01-02',0,3,'RRBS',156),(146,12,28,'Human','','','\0',5,0,200,'Group3 Leader','running','u1g3s6_S146','','u1g3_RRBS','2017-01-02','2017-01-02',0,3,'RRBS',165),(147,12,28,'Human','','','\0',5,0,200,'Group3 Leader','running','u1g3s7_S147','','u1g3_RRBS','2017-01-02','2017-01-02',0,3,'RRBS',155),(148,12,28,'Human','','','\0',5,0,200,'Group3 Leader','running','u1g3s8_S148','','u1g3_RRBS','2017-01-02','2017-01-02',0,3,'RRBS',148),(149,12,28,'Human','','','\0',5,0,200,'Group3 Leader','running','u1g3s9_S149','','u1g3_RRBS','2017-01-02','2017-01-02',0,3,'RRBS',166),(150,12,28,'Human','','','\0',5,0,200,'Group3 Leader','running','u1g3s10_S150','','u1g3_RRBS','2017-01-02','2017-01-02',0,3,'RRBS',154),(151,12,28,'Human','','','\0',5,0,200,'Group3 Leader','running','u1g3s11_S151','','u1g3_RRBS','2017-01-02','2017-01-02',0,3,'RRBS',151),(152,12,28,'Human','','','\0',5,0,200,'Group3 Leader','running','u1g3s12_S152','','u1g3_RRBS','2017-01-02','2017-01-02',0,3,'RRBS',168),(153,12,28,'Human','','','\0',5,0,200,'Group3 Leader','running','u1g3s13_S153','','u1g3_RRBS','2017-01-02','2017-01-02',0,3,'RRBS',152),(154,12,28,'Human','','','\0',5,0,200,'Group3 Leader','running','u1g3s14_S154','','u1g3_RRBS','2017-01-02','2017-01-02',0,3,'RRBS',155),(155,12,28,'Human','','','\0',5,0,200,'Group3 Leader','requested','u1g3s15_S155','','u1g3_RRBS','2017-01-02','2017-01-02',0,3,'RRBS',148),(156,12,28,'Human','','','\0',5,0,200,'Group3 Leader','requested','u1g3s16_S156','','u1g3_RRBS','2017-01-02','2017-01-02',0,3,'RRBS',166),(157,12,28,'Human','','','\0',5,0,200,'Group3 Leader','requested','u1g3s17_S157','','u1g3_RRBS','2017-01-02','2017-01-02',0,3,'RRBS',153),(158,12,28,'Human','','','\0',5,0,200,'Group3 Leader','requested','u1g3s18_S158','','u1g3_RRBS','2017-01-02','2017-01-02',0,3,'RRBS',149),(159,12,28,'Human','','','\0',5,0,200,'Group3 Leader','requested','u1g3s19_S159','','u1g3_RRBS','2017-01-02','2017-01-02',0,3,'RRBS',161),(160,12,28,'Human','','','\0',5,0,200,'Group3 Leader','requested','u1g3s20_S160','','u1g3_RRBS','2017-01-02','2017-01-02',0,3,'RRBS',146),(161,12,28,'Human','','','\0',5,0,200,'Group3 Leader','requested','u1g3s21_S161','','u1g3_RRBS','2017-01-02','2017-01-02',0,3,'RRBS',150),(162,12,28,'Human','','','\0',5,0,200,'Group3 Leader','requested','u1g3s22_S162','','u1g3_RRBS','2017-01-02','2017-01-02',0,3,'RRBS',168),(163,12,28,'Human','','','\0',5,0,200,'Group3 Leader','requested','u1g3s23_S163','','u1g3_RRBS','2017-01-02','2017-01-02',0,3,'RRBS',156),(164,12,28,'Human','','','\0',5,0,200,'Group3 Leader','requested','u1g3s24_S164','','u1g3_RRBS','2017-01-02','2017-01-02',0,3,'RRBS',163),(165,12,28,'Human','','','\0',5,0,200,'Group3 Leader','requested','u1g3s25_S165','','u1g3_RRBS','2017-01-02','2017-01-02',0,3,'RRBS',169),(166,12,28,'Human','','','\0',5,0,200,'Group3 Leader','requested','u1g3s26_S166','','u1g3_RRBS','2017-01-02','2017-01-02',0,3,'RRBS',668),(167,12,28,'Human','','','\0',5,0,200,'Group3 Leader','requested','u1g3s27_S167','','u1g3_RRBS','2017-01-02','2017-01-02',0,3,'RRBS',151),(168,12,28,'Human','','','\0',5,0,200,'Group3 Leader','requested','u1g3s28_S168','','u1g3_RRBS','2017-01-02','2017-01-02',0,3,'RRBS',147),(169,12,28,'Human','','','\0',5,0,200,'Group3 Leader','requested','u1g3s29_S169','','u1g3_RRBS','2017-01-02','2017-01-02',0,3,'RRBS',155),(170,12,28,'Human','','','\0',5,0,200,'Group3 Leader','requested','u1g3s30_S170','','u1g3_RRBS','2017-01-02','2017-01-02',0,3,'RRBS',159),(171,12,28,'Human','','','\0',5,0,200,'Group3 Leader','requested','u1g3s31_S171','','u1g3_RRBS','2017-01-02','2017-01-02',0,3,'RRBS',167),(172,12,28,'Human','','','\0',5,0,200,'Group3 Leader','requested','u1g3s32_S172','','u1g3_RRBS','2017-01-02','2017-01-02',0,3,'RRBS',164),(173,12,28,'Human','','','\0',5,0,200,'Group3 Leader','requested','u1g3s33_S173','','u1g3_RRBS','2017-01-02','2017-01-02',0,3,'RRBS',154),(174,12,28,'Human','','','\0',5,0,200,'Group3 Leader','requested','u1g3s34_S174','','u1g3_RRBS','2017-01-02','2017-01-02',0,3,'RRBS',158),(175,12,28,'Human','','','\0',5,0,200,'Group3 Leader','requested','u1g3s35_S175','','u1g3_RRBS','2017-01-02','2017-01-02',0,3,'RRBS',157),(176,12,28,'Human','','','\0',5,0,200,'Group3 Leader','requested','u1g3s36_S176','','u1g3_RRBS','2017-01-02','2017-01-02',0,3,'RRBS',165),(177,12,28,'Human','','','\0',5,0,200,'Group3 Leader','requested','u1g3s37_S177','','u1g3_RRBS','2017-01-02','2017-01-02',0,3,'RRBS',152),(178,12,28,'Human','','','\0',5,0,200,'Group3 Leader','requested','u1g3s38_S178','','u1g3_RRBS','2017-01-02','2017-01-02',0,3,'RRBS',160),(179,12,28,'Human','','','\0',5,0,200,'Group3 Leader','requested','u1g3s39_S179','','u1g3_RRBS','2017-01-02','2017-01-02',0,3,'RRBS',153),(180,12,28,'Human','','','\0',5,0,200,'Group3 Leader','requested','u1g3s40_S180','','u1g3_RRBS','2017-01-02','2017-01-02',0,3,'RRBS',161),(181,12,28,'Human','','','\0',5,0,200,'Group3 Leader','requested','u1g3s41_S181','','u1g3_RRBS','2017-01-02','2017-01-02',0,3,'RRBS',156),(182,12,28,'Human','','','\0',5,0,200,'Group3 Leader','requested','u1g3s42_S182','','u1g3_RRBS','2017-01-02','2017-01-02',0,3,'RRBS',149),(183,12,28,'Human','','','\0',5,0,200,'Group3 Leader','requested','u1g3s43_S183','','u1g3_RRBS','2017-01-02','2017-01-02',0,3,'RRBS',169),(184,12,28,'Human','','','\0',5,0,200,'Group3 Leader','requested','u1g3s44_S184','','u1g3_RRBS','2017-01-02','2017-01-02',0,3,'RRBS',163),(185,12,28,'Human','','','\0',5,0,200,'Group3 Leader','requested','u1g3s45_S185','','u1g3_RRBS','2017-01-02','2017-01-02',0,3,'RRBS',668),(186,12,28,'Human','','','\0',5,0,200,'Group3 Leader','requested','u1g3s46_S186','','u1g3_RRBS','2017-01-02','2017-01-02',0,3,'RRBS',147),(187,12,28,'Human','','','\0',5,0,200,'Group3 Leader','requested','u1g3s47_S187','','u1g3_RRBS','2017-01-02','2017-01-02',0,3,'RRBS',154),(188,12,28,'Human','','','\0',5,0,200,'Group3 Leader','requested','u1g3s48_S188','','u1g3_RRBS','2017-01-02','2017-01-02',0,3,'RRBS',150),(189,12,28,'Human','','','\0',5,0,200,'Group3 Leader','requested','u1g3s49_S189','','u1g3_RRBS','2017-01-02','2017-01-02',0,3,'RRBS',159),(190,12,28,'Human','','','\0',5,0,200,'Group3 Leader','requested','u1g3s50_S190','','u1g3_RRBS','2017-01-02','2017-01-02',0,3,'RRBS',164),(191,12,28,'Human','','','\0',5,0,200,'Group3 Leader','requested','u1g3s51_S191','','u1g3_RRBS','2017-01-02','2017-01-02',0,3,'RRBS',158),(192,12,28,'Human','','','\0',5,0,200,'Group3 Leader','requested','u1g3s52_S192','','u1g3_RRBS','2017-01-02','2017-01-02',0,3,'RRBS',157),(193,12,28,'Human','','','\0',5,0,200,'Group3 Leader','requested','u1g3s53_S193','','u1g3_RRBS','2017-01-02','2017-01-02',0,3,'RRBS',167),(194,12,28,'Human','','','\0',5,0,200,'Group3 Leader','requested','u1g3s54_S194','','u1g3_RRBS','2017-01-02','2017-01-02',0,3,'RRBS',151),(195,12,28,'Human','','','\0',5,0,200,'Group3 Leader','requested','u1g3s55_S195','','u1g3_RRBS','2017-01-02','2017-01-02',0,3,'RRBS',149),(196,12,28,'Human','','','\0',5,0,200,'Group3 Leader','requested','u1g3s56_S196','','u1g3_RRBS','2017-01-02','2017-01-02',0,3,'RRBS',147),(197,12,28,'Human','','','\0',5,0,200,'Group3 Leader','requested','u1g3s57_S197','','u1g3_RRBS','2017-01-02','2017-01-02',0,3,'RRBS',668),(198,12,28,'Human','','','\0',5,0,200,'Group3 Leader','requested','u1g3s58_S198','','u1g3_RRBS','2017-01-02','2017-01-02',0,3,'RRBS',163),(199,12,28,'Human','','','\0',5,0,200,'Group3 Leader','requested','u1g3s59_S199','','u1g3_RRBS','2017-01-02','2017-01-02',0,3,'RRBS',160),(200,12,28,'Human','','','\0',5,0,200,'Group3 Leader','requested','u1g3s60_S200','','u1g3_RRBS','2017-01-02','2017-01-02',0,3,'RRBS',165),(201,12,28,'Human','','','\0',5,0,200,'Group3 Leader','requested','u1g3s61_S201','','u1g3_RRBS','2017-01-02','2017-01-02',0,3,'RRBS',146),(202,12,28,'Human','','','\0',5,0,200,'Group3 Leader','requested','u1g3s62_S202','','u1g3_RRBS','2017-01-02','2017-01-02',0,3,'RRBS',152),(203,12,28,'Human','','','\0',5,0,200,'Group3 Leader','requested','u1g3s63_S203','','u1g3_RRBS','2017-01-02','2017-01-02',0,3,'RRBS',161),(204,12,28,'Human','','','\0',5,0,200,'Group3 Leader','requested','u1g3s64_S204','','u1g3_RRBS','2017-01-02','2017-01-02',0,3,'RRBS',158),(205,12,28,'Human','','','\0',5,0,200,'Group3 Leader','requested','u1g3s65_S205','','u1g3_RRBS','2017-01-02','2017-01-02',0,3,'RRBS',167),(206,12,28,'Human','','','\0',5,0,200,'Group3 Leader','requested','u1g3s66_S206','','u1g3_RRBS','2017-01-02','2017-01-02',0,3,'RRBS',153),(207,12,28,'Human','','','\0',5,0,200,'Group3 Leader','requested','u1g3s67_S207','','u1g3_RRBS','2017-01-02','2017-01-02',0,3,'RRBS',157),(208,12,28,'Human','','','\0',5,0,200,'Group3 Leader','requested','u1g3s68_S208','','u1g3_RRBS','2017-01-02','2017-01-02',0,3,'RRBS',160),(209,12,28,'Human','','','\0',5,0,200,'Group3 Leader','requested','u1g3s69_S209','','u1g3_RRBS','2017-01-02','2017-01-02',0,3,'RRBS',164),(210,12,28,'Human','','','\0',5,0,200,'Group3 Leader','requested','u1g3s70_S210','','u1g3_RRBS','2017-01-02','2017-01-02',0,3,'RRBS',159);
/*!40000 ALTER TABLE `sample` ENABLE KEYS */;
UNLOCK TABLES;

--
-- Table structure for table `samplerun`
--

DROP TABLE IF EXISTS `samplerun`;
/*!40101 SET @saved_cs_client     = @@character_set_client */;
/*!40101 SET character_set_client = utf8 */;
CREATE TABLE `samplerun` (
  `run_id` int(11) NOT NULL AUTO_INCREMENT,
  `sam_id` int(11) NOT NULL,
  `operator_user_id` int(11) NOT NULL,
  `sampleprep_reagent_code` varchar(100) DEFAULT NULL,
  `clustergeneration_reagent_code` varchar(100) DEFAULT NULL,
  `sequencing_reagent_code` varchar(100) DEFAULT NULL,
  `flowcell` varchar(75) NOT NULL,
  `runfolder` varchar(1024) NOT NULL,
  `iscontrol` bit(1) NOT NULL,
  PRIMARY KEY (`run_id`,`sam_id`),
  KEY `operator_uder_id_idx` (`operator_user_id`),
  KEY `sam_id_idx` (`sam_id`),
  KEY `sampleprep_reagent_code_idx` (`sampleprep_reagent_code`),
  KEY `clustergeneration_reagent_code_idx` (`clustergeneration_reagent_code`),
  KEY `sequencing_reagent_code_idx` (`sequencing_reagent_code`),
  CONSTRAINT `clustergeneration_reagent_code` FOREIGN KEY (`clustergeneration_reagent_code`) REFERENCES `reagent` (`reagentbarcode`) ON DELETE NO ACTION ON UPDATE NO ACTION,
  CONSTRAINT `operator_uder_id` FOREIGN KEY (`operator_user_id`) REFERENCES `user` (`user_id`) ON DELETE NO ACTION ON UPDATE NO ACTION,
  CONSTRAINT `sampleprep_reagent_code` FOREIGN KEY (`sampleprep_reagent_code`) REFERENCES `reagent` (`reagentbarcode`) ON DELETE NO ACTION ON UPDATE NO ACTION,
  CONSTRAINT `sam_id` FOREIGN KEY (`sam_id`) REFERENCES `sample` (`sam_id`) ON DELETE NO ACTION ON UPDATE NO ACTION,
  CONSTRAINT `sequencing_reagent_code` FOREIGN KEY (`sequencing_reagent_code`) REFERENCES `reagent` (`reagentbarcode`) ON DELETE NO ACTION ON UPDATE NO ACTION
) ENGINE=InnoDB AUTO_INCREMENT=2 DEFAULT CHARSET=utf8;
/*!40101 SET character_set_client = @saved_cs_client */;

--
-- Dumping data for table `samplerun`
--

LOCK TABLES `samplerun` WRITE;
/*!40000 ALTER TABLE `samplerun` DISABLE KEYS */;
INSERT INTO `samplerun` VALUES (1,1,2,NULL,'','','HMKLNBBXX','171107_K00288_0076_AHMKM7BBXX','\0'),(1,2,2,NULL,'','','HMKLNBBXX','171107_K00288_0076_AHMKM7BBXX','\0'),(1,3,2,NULL,'','','HMKLNBBXX','171107_K00288_0076_AHMKM7BBXX','\0'),(1,4,2,NULL,'','','HMKLNBBXX','171107_K00288_0076_AHMKM7BBXX','\0'),(1,5,2,NULL,'','','HMKLNBBXX','171107_K00288_0076_AHMKM7BBXX','\0'),(1,6,2,NULL,'','','HMKLNBBXX','171107_K00288_0076_AHMKM7BBXX','\0'),(1,7,2,NULL,'','','HMKLNBBXX','171107_K00288_0076_AHMKM7BBXX','\0'),(1,8,2,NULL,'','','HMKLNBBXX','171107_K00288_0076_AHMKM7BBXX','\0'),(1,9,2,NULL,'','','HMKLNBBXX','171107_K00288_0076_AHMKM7BBXX','\0'),(1,10,2,NULL,'','','HMKLNBBXX','171107_K00288_0076_AHMKM7BBXX','\0'),(1,11,2,NULL,'','','HMKLNBBXX','171107_K00288_0076_AHMKM7BBXX','\0'),(1,12,2,NULL,'','','HMKLNBBXX','171107_K00288_0076_AHMKM7BBXX','\0'),(1,13,2,NULL,'','','HMKLNBBXX','171107_K00288_0076_AHMKM7BBXX','\0'),(1,14,2,NULL,'','','HMKLNBBXX','171107_K00288_0076_AHMKM7BBXX','\0'),(1,15,2,NULL,'','','HMKLNBBXX','171107_K00288_0076_AHMKM7BBXX','\0'),(1,16,2,NULL,'','','HMKLNBBXX','171107_K00288_0076_AHMKM7BBXX','\0'),(1,17,2,NULL,'','','HMKLNBBXX','171107_K00288_0076_AHMKM7BBXX','\0'),(1,18,2,NULL,'','','HMKLNBBXX','171107_K00288_0076_AHMKM7BBXX','\0'),(1,19,2,NULL,'','','HMKLNBBXX','171107_K00288_0076_AHMKM7BBXX','\0'),(1,20,2,NULL,'','','HMKLNBBXX','171107_K00288_0076_AHMKM7BBXX','\0'),(1,21,2,NULL,'','','HMKLNBBXX','171107_K00288_0076_AHMKM7BBXX','\0'),(1,22,2,NULL,'','','HMKLNBBXX','171107_K00288_0076_AHMKM7BBXX','\0'),(1,23,2,NULL,'','','HMKLNBBXX','171107_K00288_0076_AHMKM7BBXX','\0'),(1,24,2,NULL,'','','HMKLNBBXX','171107_K00288_0076_AHMKM7BBXX','\0'),(1,25,2,NULL,'','','HMKLNBBXX','171107_K00288_0076_AHMKM7BBXX','\0'),(1,26,2,NULL,'','','HMKLNBBXX','171107_K00288_0076_AHMKM7BBXX','\0'),(1,27,2,NULL,'','','HMKLNBBXX','171107_K00288_0076_AHMKM7BBXX','\0'),(1,28,2,NULL,'','','HMKLNBBXX','171107_K00288_0076_AHMKM7BBXX','\0'),(1,29,2,NULL,'','','HMKLNBBXX','171107_K00288_0076_AHMKM7BBXX','\0'),(1,30,2,NULL,'','','HMKLNBBXX','171107_K00288_0076_AHMKM7BBXX','\0'),(1,71,2,NULL,'','','HMKLNBBXX','171107_K00288_0076_AHMKM7BBXX','\0'),(1,72,2,NULL,'','','HMKLNBBXX','171107_K00288_0076_AHMKM7BBXX','\0'),(1,73,2,NULL,'','','HMKLNBBXX','171107_K00288_0076_AHMKM7BBXX','\0'),(1,74,2,NULL,'','','HMKLNBBXX','171107_K00288_0076_AHMKM7BBXX','\0'),(1,75,2,NULL,'','','HMKLNBBXX','171107_K00288_0076_AHMKM7BBXX','\0'),(1,76,2,NULL,'','','HMKLNBBXX','171107_K00288_0076_AHMKM7BBXX','\0'),(1,77,2,NULL,'','','HMKLNBBXX','171107_K00288_0076_AHMKM7BBXX','\0'),(1,78,2,NULL,'','','HMKLNBBXX','171107_K00288_0076_AHMKM7BBXX','\0'),(1,79,2,NULL,'','','HMKLNBBXX','171107_K00288_0076_AHMKM7BBXX','\0'),(1,80,2,NULL,'','','HMKLNBBXX','171107_K00288_0076_AHMKM7BBXX','\0'),(1,81,2,NULL,'','','HMKLNBBXX','171107_K00288_0076_AHMKM7BBXX','\0'),(1,82,2,NULL,'','','HMKLNBBXX','171107_K00288_0076_AHMKM7BBXX','\0'),(1,83,2,NULL,'','','HMKLNBBXX','171107_K00288_0076_AHMKM7BBXX','\0'),(1,84,2,NULL,'','','HMKLNBBXX','171107_K00288_0076_AHMKM7BBXX','\0'),(1,141,2,NULL,'','','HMKLNBBXX','171107_K00288_0076_AHMKM7BBXX','\0'),(1,142,2,NULL,'','','HMKLNBBXX','171107_K00288_0076_AHMKM7BBXX','\0'),(1,143,2,NULL,'','','HMKLNBBXX','171107_K00288_0076_AHMKM7BBXX','\0'),(1,144,2,NULL,'','','HMKLNBBXX','171107_K00288_0076_AHMKM7BBXX','\0'),(1,145,2,NULL,'','','HMKLNBBXX','171107_K00288_0076_AHMKM7BBXX','\0'),(1,146,2,NULL,'','','HMKLNBBXX','171107_K00288_0076_AHMKM7BBXX','\0'),(1,147,2,NULL,'','','HMKLNBBXX','171107_K00288_0076_AHMKM7BBXX','\0'),(1,148,2,NULL,'','','HMKLNBBXX','171107_K00288_0076_AHMKM7BBXX','\0'),(1,149,2,NULL,'','','HMKLNBBXX','171107_K00288_0076_AHMKM7BBXX','\0'),(1,150,2,NULL,'','','HMKLNBBXX','171107_K00288_0076_AHMKM7BBXX','\0'),(1,151,2,NULL,'','','HMKLNBBXX','171107_K00288_0076_AHMKM7BBXX','\0'),(1,152,2,NULL,'','','HMKLNBBXX','171107_K00288_0076_AHMKM7BBXX','\0'),(1,153,2,NULL,'','','HMKLNBBXX','171107_K00288_0076_AHMKM7BBXX','\0'),(1,154,2,NULL,'','','HMKLNBBXX','171107_K00288_0076_AHMKM7BBXX','\0');
/*!40000 ALTER TABLE `samplerun` ENABLE KEYS */;
UNLOCK TABLES;

--
-- Table structure for table `sequencingindexes`
--

DROP TABLE IF EXISTS `sequencingindexes`;
/*!40101 SET @saved_cs_client     = @@character_set_client */;
/*!40101 SET character_set_client = utf8 */;
CREATE TABLE `sequencingindexes` (
  `idsequencingindexes` int(11) NOT NULL AUTO_INCREMENT,
  `index` varchar(45) NOT NULL,
  PRIMARY KEY (`idsequencingindexes`),
  UNIQUE KEY `index_UNIQUE` (`index`)
) ENGINE=InnoDB AUTO_INCREMENT=4440 DEFAULT CHARSET=utf8;
/*!40101 SET character_set_client = @saved_cs_client */;

--
-- Dumping data for table `sequencingindexes`
--

LOCK TABLES `sequencingindexes` WRITE;
/*!40000 ALTER TABLE `sequencingindexes` DISABLE KEYS */;
INSERT INTO `sequencingindexes` VALUES (132,'AAAATG'),(293,'AAAATT'),(221,'AAAATTA'),(863,'AAACAAAC'),(357,'AAACATCG'),(989,'AAACCGAG'),(717,'AAACCTCA'),(1124,'AAACGAGG'),(316,'AAACTCTT'),(304,'AAACTCTTAGTACAG'),(1060,'AAAGAAGA'),(1120,'AAAGGAAT'),(718,'AAAGTGCT'),(698,'AAATACAG'),(222,'AAATGGG'),(756,'AAATGTGC'),(1142,'AAATTGTA'),(403,'AACAACCA'),(329,'AACAACGG'),(322,'AACAACGGACTGTCC'),(501,'AACAAG'),(860,'AACAAGAT'),(208,'AACAATGG'),(3837,'AACAATGGAACAATGG'),(3834,'AACAATGGAACGCATT'),(3828,'AACAATGGAAGTAGAG'),(3978,'AACAATGGAATGCGTT'),(3829,'AACAATGGACACGATC'),(3835,'AACAATGGACAGGTAT'),(3977,'AACAATGGACCAAGGA'),(3974,'AACAATGGACCGCGCG'),(3838,'AACAATGGACTGTATC'),(3836,'AACAATGGAGGTAAGG'),(3839,'AACAATGGAGGTCGCA'),(3979,'AACAATGGATACCTGT'),(3831,'AACAATGGCATGATCG'),(3981,'AACAATGGCCATTGTT'),(3980,'AACAATGGCCTTACCT'),(3975,'AACAATGGCGATCATG'),(3830,'AACAATGGCGCGCGGT'),(3832,'AACAATGGCGTTACCA'),(3972,'AACAATGGCTCTACTT'),(3982,'AACAATGGGATACAGT'),(3973,'AACAATGGGATCGTGT'),(3833,'AACAATGGTCCTTGGT'),(3983,'AACAATGGTGCGACCT'),(3976,'AACAATGGTGGTAACG'),(653,'AACACTGG'),(1099,'AACC'),(56,'AACCCCTC'),(2220,'AACCCCTCAAGGTTCA'),(2221,'AACCCCTCACTTAGCA'),(2222,'AACCCCTCAGAGAACA'),(2128,'AACCCCTCCTAATCGA'),(2129,'AACCCCTCCTAGAACA'),(2226,'AACCCCTCGGAACTTA'),(2223,'AACCCCTCGTGTCTTA'),(2127,'AACCCCTCTAAGACAC'),(2130,'AACCCCTCTAAGTTCC'),(2131,'AACCCCTCTAGACCTA'),(2227,'AACCCCTCTAGGTCTA'),(2224,'AACCCCTCTCGATTAG'),(2124,'AACCCCTCTGAACCTT'),(2125,'AACCCCTCTGCTAAGT'),(2225,'AACCCCTCTGTTCTAG'),(2126,'AACCCCTCTGTTCTCT'),(1039,'AACCCGTT'),(502,'AACCGA'),(599,'AACCGAAC'),(404,'AACCGAGA'),(984,'AACCGTAA'),(205,'AACGCATT'),(3801,'AACGCATTAACAATGG'),(3798,'AACGCATTAACGCATT'),(3792,'AACGCATTAAGTAGAG'),(3942,'AACGCATTAATGCGTT'),(3793,'AACGCATTACACGATC'),(3799,'AACGCATTACAGGTAT'),(3941,'AACGCATTACCAAGGA'),(3938,'AACGCATTACCGCGCG'),(3802,'AACGCATTACTGTATC'),(3800,'AACGCATTAGGTAAGG'),(3803,'AACGCATTAGGTCGCA'),(3943,'AACGCATTATACCTGT'),(3795,'AACGCATTCATGATCG'),(3945,'AACGCATTCCATTGTT'),(3944,'AACGCATTCCTTACCT'),(3939,'AACGCATTCGATCATG'),(3794,'AACGCATTCGCGCGGT'),(3796,'AACGCATTCGTTACCA'),(3936,'AACGCATTCTCTACTT'),(3946,'AACGCATTGATACAGT'),(3937,'AACGCATTGATCGTGT'),(3797,'AACGCATTTCCTTGGT'),(3947,'AACGCATTTGCGACCT'),(3940,'AACGCATTTGGTAACG'),(444,'AACGCC'),(677,'AACGCCAT'),(635,'AACGCCTT'),(340,'AACGCTTA'),(991,'AACGTCAA'),(356,'AACGTGAT'),(223,'AACGTTT'),(1147,'AACTACAC'),(339,'AACTCACC'),(608,'AACTCGGA'),(819,'AACTGGCG'),(657,'AACTTGCC'),(434,'AAGACA'),(374,'AAGACGGA'),(372,'AAGAGATC'),(35,'AAGAGGCA'),(1336,'AAGAGGCAAAGGAGTA'),(1534,'AAGAGGCAAAGGCTAT'),(1846,'AAGAGGCAACTCTAGG'),(1335,'AAGAGGCAACTGCATA'),(1440,'AAGAGGCAAGAGGATA'),(1333,'AAGAGGCAAGAGTAGA'),(1845,'AAGAGGCAAGCTAGAA'),(1445,'AAGAGGCAAGGCTTAG'),(1439,'AAGAGGCAATAGAGAG'),(1848,'AAGAGGCAATAGCCTT'),(1842,'AAGAGGCAATTAGACG'),(1532,'AAGAGGCACCTAGAGT'),(1843,'AAGAGGCACGGAGAGA'),(1528,'AAGAGGCACGTCTAAT'),(1337,'AAGAGGCACTAAGCCT'),(1844,'AAGAGGCACTAGTCGA'),(1533,'AAGAGGCACTATTAAG'),(1442,'AAGAGGCACTCCTTAC'),(1331,'AAGAGGCACTCTCTAT'),(1847,'AAGAGGCACTTAATAG'),(1535,'AAGAGGCAGAGCCTTA'),(1438,'AAGAGGCAGCGATCTA'),(1338,'AAGAGGCAGCGTAAGA'),(1334,'AAGAGGCAGTAAGGAG'),(1849,'AAGAGGCATAAGGCTC'),(1444,'AAGAGGCATACTCCTT'),(1330,'AAGAGGCATAGATCGC'),(1332,'AAGAGGCATATCCTCT'),(1443,'AAGAGGCATATGCAGT'),(1530,'AAGAGGCATCGACTAG'),(1850,'AAGAGGCATCGCATAA'),(1441,'AAGAGGCATCTACTCT'),(1529,'AAGAGGCATCTCTCCG'),(1446,'AAGAGGCATCTTACGC'),(1536,'AAGAGGCATTATGCGA'),(1531,'AAGAGGCATTCTAGCT'),(805,'AAGATCAT'),(934,'AAGCAGTC'),(757,'AAGCGCTG'),(108,'AAGCTA'),(505,'AAGCTC'),(396,'AAGGACAC'),(660,'AAGGACCA'),(224,'AAGGAGT'),(1171,'AAGGAGTA'),(1180,'AAGGCTAT'),(1000,'AAGGGTGA'),(369,'AAGGTACA'),(1213,'AAGGTTCA'),(199,'AAGTAGAG'),(3729,'AAGTAGAGAACAATGG'),(3726,'AAGTAGAGAACGCATT'),(3720,'AAGTAGAGAAGTAGAG'),(3870,'AAGTAGAGAATGCGTT'),(3721,'AAGTAGAGACACGATC'),(3727,'AAGTAGAGACAGGTAT'),(3869,'AAGTAGAGACCAAGGA'),(3866,'AAGTAGAGACCGCGCG'),(3730,'AAGTAGAGACTGTATC'),(3728,'AAGTAGAGAGGTAAGG'),(3731,'AAGTAGAGAGGTCGCA'),(3871,'AAGTAGAGATACCTGT'),(3723,'AAGTAGAGCATGATCG'),(3873,'AAGTAGAGCCATTGTT'),(3872,'AAGTAGAGCCTTACCT'),(3867,'AAGTAGAGCGATCATG'),(3722,'AAGTAGAGCGCGCGGT'),(3724,'AAGTAGAGCGTTACCA'),(3864,'AAGTAGAGCTCTACTT'),(3874,'AAGTAGAGGATACAGT'),(3865,'AAGTAGAGGATCGTGT'),(3725,'AAGTAGAGTCCTTGGT'),(3875,'AAGTAGAGTGCGACCT'),(3868,'AAGTAGAGTGGTAACG'),(600,'AAGTCCTC'),(494,'AAGTGG'),(1144,'AAGTGGAC'),(1030,'AAGTTGCA'),(715,'AATAATGG'),(436,'AATAGC'),(939,'AATCAATG'),(584,'AATCCAGC'),(508,'AATCCG'),(414,'AATCCGTC'),(825,'AATCTCTC'),(1096,'AATG'),(438,'AATGAA'),(593,'AATGACGC'),(1234,'AATGCGTT'),(225,'AATGGAA'),(1116,'AATGGCGA'),(692,'AATGGTAG'),(875,'AATGTTAG'),(343,'AATGTTGC'),(54,'ACAAACGG'),(2204,'ACAAACGGAAGGTTCA'),(2205,'ACAAACGGACTTAGCA'),(2206,'ACAAACGGAGAGAACA'),(2112,'ACAAACGGCTAATCGA'),(2113,'ACAAACGGCTAGAACA'),(2210,'ACAAACGGGGAACTTA'),(2207,'ACAAACGGGTGTCTTA'),(2111,'ACAAACGGTAAGACAC'),(2114,'ACAAACGGTAAGTTCC'),(2115,'ACAAACGGTAGACCTA'),(2211,'ACAAACGGTAGGTCTA'),(2208,'ACAAACGGTCGATTAG'),(2108,'ACAAACGGTGAACCTT'),(2109,'ACAAACGGTGCTAAGT'),(2209,'ACAAACGGTGTTCTAG'),(2110,'ACAAACGGTGTTCTCT'),(683,'ACAAAGTG'),(632,'ACAACAGC'),(929,'ACAACAGG'),(454,'ACAACG'),(226,'ACAACGG'),(940,'ACAAGAAT'),(415,'ACAAGCTA'),(937,'ACAAGGTA'),(726,'ACAATTCA'),(384,'ACACAGAA'),(966,'ACACCTTC'),(398,'ACACGACC'),(200,'ACACGATC'),(3741,'ACACGATCAACAATGG'),(3738,'ACACGATCAACGCATT'),(3732,'ACACGATCAAGTAGAG'),(3882,'ACACGATCAATGCGTT'),(3733,'ACACGATCACACGATC'),(3739,'ACACGATCACAGGTAT'),(3881,'ACACGATCACCAAGGA'),(3878,'ACACGATCACCGCGCG'),(3742,'ACACGATCACTGTATC'),(3740,'ACACGATCAGGTAAGG'),(3743,'ACACGATCAGGTCGCA'),(3883,'ACACGATCATACCTGT'),(3735,'ACACGATCCATGATCG'),(3885,'ACACGATCCCATTGTT'),(3884,'ACACGATCCCTTACCT'),(3879,'ACACGATCCGATCATG'),(3734,'ACACGATCCGCGCGGT'),(3736,'ACACGATCCGTTACCA'),(3876,'ACACGATCCTCTACTT'),(3886,'ACACGATCGATACAGT'),(3877,'ACACGATCGATCGTGT'),(3737,'ACACGATCTCCTTGGT'),(3887,'ACACGATCTGCGACCT'),(3880,'ACACGATCTGGTAACG'),(497,'ACACGC'),(791,'ACACTGTT'),(705,'ACAGAGGT'),(485,'ACAGAT'),(413,'ACAGATTC'),(661,'ACAGCAAG'),(423,'ACAGCAGA'),(1141,'ACAGCTAC'),(206,'ACAGGTAT'),(3813,'ACAGGTATAACAATGG'),(3810,'ACAGGTATAACGCATT'),(3804,'ACAGGTATAAGTAGAG'),(3954,'ACAGGTATAATGCGTT'),(3805,'ACAGGTATACACGATC'),(3811,'ACAGGTATACAGGTAT'),(3953,'ACAGGTATACCAAGGA'),(3950,'ACAGGTATACCGCGCG'),(3814,'ACAGGTATACTGTATC'),(3812,'ACAGGTATAGGTAAGG'),(3815,'ACAGGTATAGGTCGCA'),(3955,'ACAGGTATATACCTGT'),(3807,'ACAGGTATCATGATCG'),(3957,'ACAGGTATCCATTGTT'),(3956,'ACAGGTATCCTTACCT'),(3951,'ACAGGTATCGATCATG'),(3806,'ACAGGTATCGCGCGGT'),(3808,'ACAGGTATCGTTACCA'),(3948,'ACAGGTATCTCTACTT'),(3958,'ACAGGTATGATACAGT'),(3949,'ACAGGTATGATCGTGT'),(3809,'ACAGGTATTCCTTGGT'),(3959,'ACAGGTATTGCGACCT'),(3952,'ACAGGTATTGGTAACG'),(79,'ACAGTG'),(555,'ACAGTGA'),(2884,'ACAGTGAAGGTTCA'),(2885,'ACAGTGACTTAGCA'),(2886,'ACAGTGAGAGAACA'),(5,'ACAGTGAT'),(2504,'ACAGTGCTAATCGA'),(2505,'ACAGTGCTAGAACA'),(2890,'ACAGTGGGAACTTA'),(52,'ACAGTGGT'),(2188,'ACAGTGGTAAGGTTCA'),(2189,'ACAGTGGTACTTAGCA'),(2190,'ACAGTGGTAGAGAACA'),(2096,'ACAGTGGTCTAATCGA'),(2097,'ACAGTGGTCTAGAACA'),(2194,'ACAGTGGTGGAACTTA'),(2887,'ACAGTGGTGTCTTA'),(2191,'ACAGTGGTGTGTCTTA'),(2095,'ACAGTGGTTAAGACAC'),(2098,'ACAGTGGTTAAGTTCC'),(2099,'ACAGTGGTTAGACCTA'),(2195,'ACAGTGGTTAGGTCTA'),(2192,'ACAGTGGTTCGATTAG'),(2092,'ACAGTGGTTGAACCTT'),(2093,'ACAGTGGTTGCTAAGT'),(2193,'ACAGTGGTTGTTCTAG'),(2094,'ACAGTGGTTGTTCTCT'),(2503,'ACAGTGTAAGACAC'),(2506,'ACAGTGTAAGTTCC'),(2507,'ACAGTGTAGACCTA'),(2891,'ACAGTGTAGGTCTA'),(2888,'ACAGTGTCGATTAG'),(2500,'ACAGTGTGAACCTT'),(2501,'ACAGTGTGCTAAGT'),(2889,'ACAGTGTGTTCTAG'),(2502,'ACAGTGTGTTCTCT'),(330,'ACATCAGT'),(323,'ACATCAGTAGACCAC'),(100,'ACATCG'),(431,'ACATTA'),(737,'ACATTACT'),(370,'ACATTGGC'),(619,'ACCAAGCA'),(1233,'ACCAAGGA'),(933,'ACCACGAA'),(188,'ACCACTGT'),(450,'ACCAGT'),(903,'ACCATAAC'),(633,'ACCATCCT'),(55,'ACCCAGCA'),(2212,'ACCCAGCAAAGGTTCA'),(2213,'ACCCAGCAACTTAGCA'),(2214,'ACCCAGCAAGAGAACA'),(2120,'ACCCAGCACTAATCGA'),(2121,'ACCCAGCACTAGAACA'),(2218,'ACCCAGCAGGAACTTA'),(2215,'ACCCAGCAGTGTCTTA'),(2119,'ACCCAGCATAAGACAC'),(2122,'ACCCAGCATAAGTTCC'),(2123,'ACCCAGCATAGACCTA'),(2219,'ACCCAGCATAGGTCTA'),(2216,'ACCCAGCATCGATTAG'),(2116,'ACCCAGCATGAACCTT'),(2117,'ACCCAGCATGCTAAGT'),(2217,'ACCCAGCATGTTCTAG'),(2118,'ACCCAGCATGTTCTCT'),(1024,'ACCCGACG'),(1043,'ACCCTCCT'),(1231,'ACCGCGCG'),(758,'ACCGGCTC'),(335,'ACCGGTAT'),(328,'ACCGGTATGCACCGG'),(720,'ACCGTATG'),(463,'ACCGTG'),(1102,'ACCT'),(479,'ACCTAC'),(377,'ACCTCCAA'),(227,'ACCTCTT'),(1067,'ACGACATT'),(586,'ACGAGAAC'),(617,'ACGATCAG'),(228,'ACGATGC'),(949,'ACGCGGGT'),(430,'ACGCTCGA'),(577,'ACGCTTCT'),(856,'ACGGACAT'),(575,'ACGGACTT'),(1084,'ACGTAG'),(416,'ACGTATCA'),(796,'ACGTCCCT'),(1227,'ACGTCCTG'),(475,'ACGTCT'),(1148,'ACGTTTGG'),(1136,'ACGTTTTC'),(867,'ACTAGGAG'),(397,'ACTATGCA'),(1109,'ACTCAGAA'),(609,'ACTCCTAC'),(39,'ACTCGCTA'),(1582,'ACTCGCTAAAGGAGTA'),(1591,'ACTCGCTAAAGGCTAT'),(1902,'ACTCGCTAACTCTAGG'),(1581,'ACTCGCTAACTGCATA'),(1893,'ACTCGCTAAGAGGATA'),(1901,'ACTCGCTAAGCTAGAA'),(1897,'ACTCGCTAAGGCTTAG'),(1892,'ACTCGCTAATAGAGAG'),(1905,'ACTCGCTAATAGCCTT'),(1898,'ACTCGCTAATTAGACG'),(1588,'ACTCGCTACCTAGAGT'),(1899,'ACTCGCTACGGAGAGA'),(1584,'ACTCGCTACGTCTAAT'),(1583,'ACTCGCTACTAAGCCT'),(1900,'ACTCGCTACTAGTCGA'),(1590,'ACTCGCTACTATTAAG'),(1894,'ACTCGCTACTCCTTAC'),(1578,'ACTCGCTACTCTCTAT'),(1904,'ACTCGCTACTTAATAG'),(1592,'ACTCGCTAGAGCCTTA'),(1589,'ACTCGCTAGCGTAAGA'),(1580,'ACTCGCTAGTAAGGAG'),(1906,'ACTCGCTATAAGGCTC'),(1896,'ACTCGCTATACTCCTT'),(1579,'ACTCGCTATATCCTCT'),(1895,'ACTCGCTATATGCAGT'),(1586,'ACTCGCTATCGACTAG'),(1907,'ACTCGCTATCGCATAA'),(1585,'ACTCGCTATCTCTCCG'),(1903,'ACTCGCTATCTTACGC'),(1593,'ACTCGCTATTATGCGA'),(1587,'ACTCGCTATTCTAGCT'),(1208,'ACTCTAGG'),(1143,'ACTCTAGT'),(652,'ACTCTCCA'),(643,'ACTCTGAG'),(510,'ACTCTT'),(1132,'ACTGAACT'),(1080,'ACTGAC'),(46,'ACTGAGCG'),(1694,'ACTGAGCGAAGGAGTA'),(1703,'ACTGAGCGAAGGCTAT'),(2014,'ACTGAGCGACTCTAGG'),(1693,'ACTGAGCGACTGCATA'),(2005,'ACTGAGCGAGAGGATA'),(2013,'ACTGAGCGAGCTAGAA'),(2009,'ACTGAGCGAGGCTTAG'),(2004,'ACTGAGCGATAGAGAG'),(2017,'ACTGAGCGATAGCCTT'),(2010,'ACTGAGCGATTAGACG'),(1700,'ACTGAGCGCCTAGAGT'),(2011,'ACTGAGCGCGGAGAGA'),(1696,'ACTGAGCGCGTCTAAT'),(1695,'ACTGAGCGCTAAGCCT'),(2012,'ACTGAGCGCTAGTCGA'),(1702,'ACTGAGCGCTATTAAG'),(2006,'ACTGAGCGCTCCTTAC'),(1690,'ACTGAGCGCTCTCTAT'),(2016,'ACTGAGCGCTTAATAG'),(1704,'ACTGAGCGGAGCCTTA'),(1701,'ACTGAGCGGCGTAAGA'),(1692,'ACTGAGCGGTAAGGAG'),(2018,'ACTGAGCGTAAGGCTC'),(2008,'ACTGAGCGTACTCCTT'),(1691,'ACTGAGCGTATCCTCT'),(2007,'ACTGAGCGTATGCAGT'),(1698,'ACTGAGCGTCGACTAG'),(2019,'ACTGAGCGTCGCATAA'),(1697,'ACTGAGCGTCTCTCCG'),(2015,'ACTGAGCGTCTTACGC'),(1705,'ACTGAGCGTTATGCGA'),(1699,'ACTGAGCGTTCTAGCT'),(97,'ACTGAT'),(570,'ACTGATA'),(3044,'ACTGATAAGGTTCA'),(3045,'ACTGATACTTAGCA'),(3046,'ACTGATAGAGAACA'),(23,'ACTGATAT'),(2664,'ACTGATCTAATCGA'),(2665,'ACTGATCTAGAACA'),(3050,'ACTGATGGAACTTA'),(3047,'ACTGATGTGTCTTA'),(2663,'ACTGATTAAGACAC'),(2666,'ACTGATTAAGTTCC'),(2667,'ACTGATTAGACCTA'),(3051,'ACTGATTAGGTCTA'),(3048,'ACTGATTCGATTAG'),(2660,'ACTGATTGAACCTT'),(2661,'ACTGATTGCTAAGT'),(3049,'ACTGATTGTTCTAG'),(2662,'ACTGATTGTTCTCT'),(595,'ACTGCACT'),(1170,'ACTGCATA'),(936,'ACTGCTCG'),(209,'ACTGTATC'),(3849,'ACTGTATCAACAATGG'),(3846,'ACTGTATCAACGCATT'),(3840,'ACTGTATCAAGTAGAG'),(3990,'ACTGTATCAATGCGTT'),(3841,'ACTGTATCACACGATC'),(3847,'ACTGTATCACAGGTAT'),(3989,'ACTGTATCACCAAGGA'),(3986,'ACTGTATCACCGCGCG'),(3850,'ACTGTATCACTGTATC'),(3848,'ACTGTATCAGGTAAGG'),(3851,'ACTGTATCAGGTCGCA'),(3991,'ACTGTATCATACCTGT'),(3843,'ACTGTATCCATGATCG'),(3993,'ACTGTATCCCATTGTT'),(3992,'ACTGTATCCCTTACCT'),(3987,'ACTGTATCCGATCATG'),(3842,'ACTGTATCCGCGCGGT'),(3844,'ACTGTATCCGTTACCA'),(3984,'ACTGTATCCTCTACTT'),(3994,'ACTGTATCGATACAGT'),(3985,'ACTGTATCGATCGTGT'),(3845,'ACTGTATCTCCTTGGT'),(3995,'ACTGTATCTGCGACCT'),(3988,'ACTGTATCTGGTAACG'),(1006,'ACTGTGGC'),(1214,'ACTTAGCA'),(953,'ACTTAGGA'),(714,'ACTTCATA'),(887,'ACTTCTAT'),(181,'ACTTCTTC'),(82,'ACTTGA'),(558,'ACTTGAA'),(2908,'ACTTGAAAGGTTCA'),(2909,'ACTTGAACTTAGCA'),(2910,'ACTTGAAGAGAACA'),(8,'ACTTGAAT'),(2528,'ACTTGACTAATCGA'),(2529,'ACTTGACTAGAACA'),(2914,'ACTTGAGGAACTTA'),(2911,'ACTTGAGTGTCTTA'),(2527,'ACTTGATAAGACAC'),(2530,'ACTTGATAAGTTCC'),(2531,'ACTTGATAGACCTA'),(2915,'ACTTGATAGGTCTA'),(2912,'ACTTGATCGATTAG'),(673,'ACTTGATG'),(2524,'ACTTGATGAACCTT'),(2525,'ACTTGATGCTAAGT'),(2913,'ACTTGATGTTCTAG'),(2526,'ACTTGATGTTCTCT'),(1131,'ACTTGCTG'),(229,'ACTTTTG'),(941,'AGAAACTC'),(591,'AGAACCAG'),(490,'AGAATC'),(486,'AGACCA'),(697,'AGACCAGC'),(829,'AGACCATA'),(1215,'AGAGAACA'),(1197,'AGAGGATA'),(1168,'AGAGTAGA'),(400,'AGAGTCAA'),(951,'AGAGTCGC'),(909,'AGAGTGTG'),(869,'AGATACAA'),(452,'AGATAG'),(362,'AGATCGCA'),(826,'AGATCTGG'),(381,'AGATGTAC'),(1072,'AGCACACT'),(411,'AGCACCTC'),(606,'AGCAGACA'),(876,'AGCAGAGC'),(337,'AGCAGGAA'),(230,'AGCAGTC'),(1130,'AGCATACA'),(868,'AGCATCCG'),(1051,'AGCATGGT'),(663,'AGCCAACT'),(231,'AGCCAAG'),(893,'AGCCAATT'),(341,'AGCCATGC'),(992,'AGCGAAAG'),(74,'AGCGATAG'),(3381,'AGCGATAGAACAATGG'),(3378,'AGCGATAGAACGCATT'),(3372,'AGCGATAGAAGTAGAG'),(3618,'AGCGATAGAATGCGTT'),(3373,'AGCGATAGACACGATC'),(3379,'AGCGATAGACAGGTAT'),(3617,'AGCGATAGACCAAGGA'),(3614,'AGCGATAGACCGCGCG'),(2466,'AGCGATAGACGTCCTG'),(3382,'AGCGATAGACTGTATC'),(2462,'AGCGATAGAGGATAGG'),(2368,'AGCGATAGAGGCGAAG'),(2460,'AGCGATAGAGGCTATA'),(3380,'AGCGATAGAGGTAAGG'),(3383,'AGCGATAGAGGTCGCA'),(3619,'AGCGATAGATACCTGT'),(2365,'AGCGATAGATAGAGGC'),(2370,'AGCGATAGCAGGACGT'),(3375,'AGCGATAGCATGATCG'),(3621,'AGCGATAGCCATTGTT'),(2366,'AGCGATAGCCTATCCT'),(3620,'AGCGATAGCCTTACCT'),(3615,'AGCGATAGCGATCATG'),(3374,'AGCGATAGCGCGCGGT'),(3376,'AGCGATAGCGTTACCA'),(3612,'AGCGATAGCTCTACTT'),(2464,'AGCGATAGCTTCGCCT'),(3622,'AGCGATAGGATACAGT'),(3613,'AGCGATAGGATCGTGT'),(2461,'AGCGATAGGCCTCTAT'),(2367,'AGCGATAGGGCTCTGA'),(2371,'AGCGATAGGTACTGAC'),(2467,'AGCGATAGGTCAGTAC'),(2465,'AGCGATAGTAAGATTA'),(2369,'AGCGATAGTAATCTTA'),(2364,'AGCGATAGTATAGCCT'),(2463,'AGCGATAGTCAGAGCC'),(3377,'AGCGATAGTCCTTGGT'),(3623,'AGCGATAGTGCGACCT'),(3616,'AGCGATAGTGGTAACG'),(1074,'AGCGCCTA'),(135,'AGCTAG'),(1207,'AGCTAGAA'),(789,'AGCTATCA'),(1093,'AGCTCT'),(955,'AGCTGGAT'),(124,'AGGAAT'),(743,'AGGAGATG'),(1153,'AGGAGTCC'),(4012,'AGGAGTCCAAGGAGTA'),(4021,'AGGAGTCCAAGGCTAT'),(4258,'AGGAGTCCACTCTAGG'),(4011,'AGGAGTCCACTGCATA'),(4249,'AGGAGTCCAGAGGATA'),(4257,'AGGAGTCCAGCTAGAA'),(4253,'AGGAGTCCAGGCTTAG'),(4248,'AGGAGTCCATAGAGAG'),(4261,'AGGAGTCCATAGCCTT'),(4254,'AGGAGTCCATTAGACG'),(4018,'AGGAGTCCCCTAGAGT'),(4024,'AGGAGTCCCGACTAGC'),(4255,'AGGAGTCCCGGAGAGA'),(4014,'AGGAGTCCCGTCTAAT'),(4013,'AGGAGTCCCTAAGCCT'),(4256,'AGGAGTCCCTAGTCGA'),(4020,'AGGAGTCCCTATTAAG'),(4250,'AGGAGTCCCTCCTTAC'),(4008,'AGGAGTCCCTCTCTAT'),(4260,'AGGAGTCCCTTAATAG'),(4022,'AGGAGTCCGAGCCTTA'),(4027,'AGGAGTCCGAGCTAGA'),(4019,'AGGAGTCCGCGTAAGA'),(4026,'AGGAGTCCGCTAGTCG'),(4010,'AGGAGTCCGTAAGGAG'),(4262,'AGGAGTCCTAAGGCTC'),(4252,'AGGAGTCCTACTCCTT'),(4009,'AGGAGTCCTATCCTCT'),(4251,'AGGAGTCCTATGCAGT'),(4016,'AGGAGTCCTCGACTAG'),(4263,'AGGAGTCCTCGCATAA'),(4025,'AGGAGTCCTCTAGCTC'),(4015,'AGGAGTCCTCTCTCCG'),(4259,'AGGAGTCCTCTTACGC'),(4023,'AGGAGTCCTTATGCGA'),(4017,'AGGAGTCCTTCTAGCT'),(62,'AGGAGTGG'),(2268,'AGGAGTGGAAGGTTCA'),(2269,'AGGAGTGGACTTAGCA'),(2270,'AGGAGTGGAGAGAACA'),(2176,'AGGAGTGGCTAATCGA'),(2177,'AGGAGTGGCTAGAACA'),(2274,'AGGAGTGGGGAACTTA'),(2271,'AGGAGTGGGTGTCTTA'),(2175,'AGGAGTGGTAAGACAC'),(2178,'AGGAGTGGTAAGTTCC'),(2179,'AGGAGTGGTAGACCTA'),(2275,'AGGAGTGGTAGGTCTA'),(2272,'AGGAGTGGTCGATTAG'),(2172,'AGGAGTGGTGAACCTT'),(2173,'AGGAGTGGTGCTAAGT'),(2273,'AGGAGTGGTGTTCTAG'),(2174,'AGGAGTGGTGTTCTCT'),(1037,'AGGATACA'),(1223,'AGGATAGG'),(615,'AGGCAATG'),(27,'AGGCAGAA'),(1264,'AGGCAGAAAAGGAGTA'),(1480,'AGGCAGAAAAGGCTAT'),(1792,'AGGCAGAAACTCTAGG'),(1263,'AGGCAGAAACTGCATA'),(1368,'AGGCAGAAAGAGGATA'),(1261,'AGGCAGAAAGAGTAGA'),(1791,'AGGCAGAAAGCTAGAA'),(1373,'AGGCAGAAAGGCTTAG'),(1367,'AGGCAGAAATAGAGAG'),(1794,'AGGCAGAAATAGCCTT'),(1788,'AGGCAGAAATTAGACG'),(1478,'AGGCAGAACCTAGAGT'),(1789,'AGGCAGAACGGAGAGA'),(1474,'AGGCAGAACGTCTAAT'),(1265,'AGGCAGAACTAAGCCT'),(1790,'AGGCAGAACTAGTCGA'),(1479,'AGGCAGAACTATTAAG'),(1370,'AGGCAGAACTCCTTAC'),(1259,'AGGCAGAACTCTCTAT'),(1793,'AGGCAGAACTTAATAG'),(1481,'AGGCAGAAGAGCCTTA'),(1366,'AGGCAGAAGCGATCTA'),(1266,'AGGCAGAAGCGTAAGA'),(1262,'AGGCAGAAGTAAGGAG'),(1795,'AGGCAGAATAAGGCTC'),(1372,'AGGCAGAATACTCCTT'),(1258,'AGGCAGAATAGATCGC'),(1260,'AGGCAGAATATCCTCT'),(1371,'AGGCAGAATATGCAGT'),(1476,'AGGCAGAATCGACTAG'),(1796,'AGGCAGAATCGCATAA'),(1369,'AGGCAGAATCTACTCT'),(1475,'AGGCAGAATCTCTCCG'),(1374,'AGGCAGAATCTTACGC'),(1482,'AGGCAGAATTATGCGA'),(1477,'AGGCAGAATTCTAGCT'),(478,'AGGCAT'),(880,'AGGCCCGA'),(232,'AGGCCGC'),(983,'AGGCCGTG'),(175,'AGGCGAAG'),(3441,'AGGCGAAGAACAATGG'),(3438,'AGGCGAAGAACGCATT'),(3432,'AGGCGAAGAAGTAGAG'),(3678,'AGGCGAAGAATGCGTT'),(3433,'AGGCGAAGACACGATC'),(3439,'AGGCGAAGACAGGTAT'),(3677,'AGGCGAAGACCAAGGA'),(3674,'AGGCGAAGACCGCGCG'),(3442,'AGGCGAAGACTGTATC'),(3440,'AGGCGAAGAGGTAAGG'),(3443,'AGGCGAAGAGGTCGCA'),(3679,'AGGCGAAGATACCTGT'),(3435,'AGGCGAAGCATGATCG'),(3681,'AGGCGAAGCCATTGTT'),(3680,'AGGCGAAGCCTTACCT'),(3675,'AGGCGAAGCGATCATG'),(3434,'AGGCGAAGCGCGCGGT'),(3436,'AGGCGAAGCGTTACCA'),(3672,'AGGCGAAGCTCTACTT'),(3682,'AGGCGAAGGATACAGT'),(3673,'AGGCGAAGGATCGTGT'),(3437,'AGGCGAAGTCCTTGGT'),(3683,'AGGCGAAGTGCGACCT'),(3676,'AGGCGAAGTGGTAACG'),(1047,'AGGCGTCA'),(421,'AGGCTAAC'),(1221,'AGGCTATA'),(1202,'AGGCTTAG'),(61,'AGGGTCAA'),(2260,'AGGGTCAAAAGGTTCA'),(2261,'AGGGTCAAACTTAGCA'),(2262,'AGGGTCAAAGAGAACA'),(2168,'AGGGTCAACTAATCGA'),(2169,'AGGGTCAACTAGAACA'),(2266,'AGGGTCAAGGAACTTA'),(2263,'AGGGTCAAGTGTCTTA'),(2167,'AGGGTCAATAAGACAC'),(2170,'AGGGTCAATAAGTTCC'),(2171,'AGGGTCAATAGACCTA'),(2267,'AGGGTCAATAGGTCTA'),(2264,'AGGGTCAATCGATTAG'),(2164,'AGGGTCAATGAACCTT'),(2165,'AGGGTCAATGCTAAGT'),(2265,'AGGGTCAATGTTCTAG'),(2166,'AGGGTCAATGTTCTCT'),(207,'AGGTAAGG'),(3825,'AGGTAAGGAACAATGG'),(3822,'AGGTAAGGAACGCATT'),(3816,'AGGTAAGGAAGTAGAG'),(3966,'AGGTAAGGAATGCGTT'),(3817,'AGGTAAGGACACGATC'),(3823,'AGGTAAGGACAGGTAT'),(3965,'AGGTAAGGACCAAGGA'),(3962,'AGGTAAGGACCGCGCG'),(3826,'AGGTAAGGACTGTATC'),(3824,'AGGTAAGGAGGTAAGG'),(3827,'AGGTAAGGAGGTCGCA'),(3967,'AGGTAAGGATACCTGT'),(3819,'AGGTAAGGCATGATCG'),(3969,'AGGTAAGGCCATTGTT'),(3968,'AGGTAAGGCCTTACCT'),(3963,'AGGTAAGGCGATCATG'),(3818,'AGGTAAGGCGCGCGGT'),(3820,'AGGTAAGGCGTTACCA'),(3960,'AGGTAAGGCTCTACTT'),(3970,'AGGTAAGGGATACAGT'),(3961,'AGGTAAGGGATCGTGT'),(3821,'AGGTAAGGTCCTTGGT'),(3971,'AGGTAAGGTGCGACCT'),(3964,'AGGTAAGGTGGTAACG'),(817,'AGGTACGC'),(749,'AGGTATTG'),(210,'AGGTCGCA'),(3861,'AGGTCGCAAACAATGG'),(3858,'AGGTCGCAAACGCATT'),(3852,'AGGTCGCAAAGTAGAG'),(4002,'AGGTCGCAAATGCGTT'),(3853,'AGGTCGCAACACGATC'),(3859,'AGGTCGCAACAGGTAT'),(4001,'AGGTCGCAACCAAGGA'),(3998,'AGGTCGCAACCGCGCG'),(3862,'AGGTCGCAACTGTATC'),(3860,'AGGTCGCAAGGTAAGG'),(3863,'AGGTCGCAAGGTCGCA'),(4003,'AGGTCGCAATACCTGT'),(3855,'AGGTCGCACATGATCG'),(4005,'AGGTCGCACCATTGTT'),(4004,'AGGTCGCACCTTACCT'),(3999,'AGGTCGCACGATCATG'),(3854,'AGGTCGCACGCGCGGT'),(3856,'AGGTCGCACGTTACCA'),(3996,'AGGTCGCACTCTACTT'),(4006,'AGGTCGCAGATACAGT'),(3997,'AGGTCGCAGATCGTGT'),(3857,'AGGTCGCATCCTTGGT'),(4007,'AGGTCGCATGCGACCT'),(4000,'AGGTCGCATGGTAACG'),(576,'AGGTTCCT'),(193,'AGGTTGGG'),(360,'AGTACAAG'),(499,'AGTACT'),(686,'AGTAGATT'),(797,'AGTAGTCT'),(233,'AGTAGTG'),(87,'AGTCAA'),(527,'AGTCAAA'),(2948,'AGTCAAAAGGTTCA'),(2949,'AGTCAAACTTAGCA'),(2950,'AGTCAAAGAGAACA'),(211,'AGTCAAAT'),(561,'AGTCAAC'),(13,'AGTCAACA'),(2568,'AGTCAACTAATCGA'),(2569,'AGTCAACTAGAACA'),(2954,'AGTCAAGGAACTTA'),(2951,'AGTCAAGTGTCTTA'),(2567,'AGTCAATAAGACAC'),(2570,'AGTCAATAAGTTCC'),(2571,'AGTCAATAGACCTA'),(2955,'AGTCAATAGGTCTA'),(2952,'AGTCAATCGATTAG'),(2564,'AGTCAATGAACCTT'),(2565,'AGTCAATGCTAAGT'),(2953,'AGTCAATGTTCTAG'),(2566,'AGTCAATGTTCTCT'),(408,'AGTCACTA'),(958,'AGTCCCAC'),(886,'AGTCGCTT'),(710,'AGTGGAAC'),(361,'AGTGGTCA'),(88,'AGTTCC'),(528,'AGTTCCA'),(2956,'AGTTCCAAGGTTCA'),(2957,'AGTTCCACTTAGCA'),(2958,'AGTTCCAGAGAACA'),(212,'AGTTCCAT'),(2576,'AGTTCCCTAATCGA'),(2577,'AGTTCCCTAGAACA'),(562,'AGTTCCG'),(2962,'AGTTCCGGAACTTA'),(14,'AGTTCCGT'),(2959,'AGTTCCGTGTCTTA'),(2575,'AGTTCCTAAGACAC'),(2578,'AGTTCCTAAGTTCC'),(2579,'AGTTCCTAGACCTA'),(2963,'AGTTCCTAGGTCTA'),(2960,'AGTTCCTCGATTAG'),(2572,'AGTTCCTGAACCTT'),(2573,'AGTTCCTGCTAAGT'),(2961,'AGTTCCTGTTCTAG'),(2574,'AGTTCCTGTTCTCT'),(901,'AGTTCGGC'),(466,'AGTTGA'),(1070,'AGTTGCAG'),(624,'ATAACGCC'),(440,'ATAAGA'),(689,'ATAAGTTA'),(313,'ATACCATC'),(301,'ATACCATCACGTGCC'),(967,'ATACCCAA'),(1235,'ATACCTGT'),(464,'ATACTG'),(1196,'ATAGAGAG'),(172,'ATAGAGGC'),(3405,'ATAGAGGCAACAATGG'),(3402,'ATAGAGGCAACGCATT'),(3396,'ATAGAGGCAAGTAGAG'),(3642,'ATAGAGGCAATGCGTT'),(3397,'ATAGAGGCACACGATC'),(3403,'ATAGAGGCACAGGTAT'),(3641,'ATAGAGGCACCAAGGA'),(3638,'ATAGAGGCACCGCGCG'),(3406,'ATAGAGGCACTGTATC'),(3404,'ATAGAGGCAGGTAAGG'),(3407,'ATAGAGGCAGGTCGCA'),(3643,'ATAGAGGCATACCTGT'),(3399,'ATAGAGGCCATGATCG'),(3645,'ATAGAGGCCCATTGTT'),(3644,'ATAGAGGCCCTTACCT'),(3639,'ATAGAGGCCGATCATG'),(3398,'ATAGAGGCCGCGCGGT'),(3400,'ATAGAGGCCGTTACCA'),(3636,'ATAGAGGCCTCTACTT'),(3646,'ATAGAGGCGATACAGT'),(3637,'ATAGAGGCGATCGTGT'),(3401,'ATAGAGGCTCCTTGGT'),(3647,'ATAGAGGCTGCGACCT'),(3640,'ATAGAGGCTGGTAACG'),(1210,'ATAGCCTT'),(429,'ATAGCGAC'),(1016,'ATAGGCCA'),(754,'ATAGTTAC'),(524,'ATATCC'),(1059,'ATATCCCG'),(311,'ATATGTAA'),(299,'ATATGTAACCCACGT'),(1128,'ATCAAGTT'),(75,'ATCACG'),(551,'ATCACGA'),(2852,'ATCACGAAGGTTCA'),(51,'ATCACGAC'),(2180,'ATCACGACAAGGTTCA'),(2181,'ATCACGACACTTAGCA'),(2182,'ATCACGACAGAGAACA'),(2088,'ATCACGACCTAATCGA'),(2089,'ATCACGACCTAGAACA'),(2186,'ATCACGACGGAACTTA'),(2183,'ATCACGACGTGTCTTA'),(2087,'ATCACGACTAAGACAC'),(2090,'ATCACGACTAAGTTCC'),(2091,'ATCACGACTAGACCTA'),(2187,'ATCACGACTAGGTCTA'),(2184,'ATCACGACTCGATTAG'),(2084,'ATCACGACTGAACCTT'),(2085,'ATCACGACTGCTAAGT'),(2185,'ATCACGACTGTTCTAG'),(2086,'ATCACGACTGTTCTCT'),(2853,'ATCACGACTTAGCA'),(2854,'ATCACGAGAGAACA'),(1,'ATCACGAT'),(2472,'ATCACGCTAATCGA'),(2473,'ATCACGCTAGAACA'),(2858,'ATCACGGGAACTTA'),(2855,'ATCACGGTGTCTTA'),(2471,'ATCACGTAAGACAC'),(2474,'ATCACGTAAGTTCC'),(2475,'ATCACGTAGACCTA'),(2859,'ATCACGTAGGTCTA'),(2856,'ATCACGTCGATTAG'),(2468,'ATCACGTGAACCTT'),(2469,'ATCACGTGCTAAGT'),(2857,'ATCACGTGTTCTAG'),(2470,'ATCACGTGTTCTCT'),(669,'ATCACGTT'),(690,'ATCACTCG'),(122,'ATCAGT'),(1117,'ATCAGTCT'),(926,'ATCATGCA'),(338,'ATCATTCC'),(874,'ATCCCACA'),(234,'ATCCGGT'),(235,'ATCCTGA'),(368,'ATCCTGTA'),(1087,'ATCGAT'),(296,'ATCGGT'),(236,'ATCGGTC'),(622,'ATCGTCTC'),(128,'ATCGTG'),(604,'ATCGTGGT'),(38,'ATCTCAGG'),(1566,'ATCTCAGGAAGGAGTA'),(1575,'ATCTCAGGAAGGCTAT'),(1886,'ATCTCAGGACTCTAGG'),(1565,'ATCTCAGGACTGCATA'),(1877,'ATCTCAGGAGAGGATA'),(1885,'ATCTCAGGAGCTAGAA'),(1881,'ATCTCAGGAGGCTTAG'),(1876,'ATCTCAGGATAGAGAG'),(1889,'ATCTCAGGATAGCCTT'),(1882,'ATCTCAGGATTAGACG'),(1572,'ATCTCAGGCCTAGAGT'),(1883,'ATCTCAGGCGGAGAGA'),(1568,'ATCTCAGGCGTCTAAT'),(1567,'ATCTCAGGCTAAGCCT'),(1884,'ATCTCAGGCTAGTCGA'),(1574,'ATCTCAGGCTATTAAG'),(1878,'ATCTCAGGCTCCTTAC'),(1562,'ATCTCAGGCTCTCTAT'),(1888,'ATCTCAGGCTTAATAG'),(1576,'ATCTCAGGGAGCCTTA'),(1573,'ATCTCAGGGCGTAAGA'),(1564,'ATCTCAGGGTAAGGAG'),(1890,'ATCTCAGGTAAGGCTC'),(1880,'ATCTCAGGTACTCCTT'),(1563,'ATCTCAGGTATCCTCT'),(1879,'ATCTCAGGTATGCAGT'),(1570,'ATCTCAGGTCGACTAG'),(1891,'ATCTCAGGTCGCATAA'),(1569,'ATCTCAGGTCTCTCCG'),(1887,'ATCTCAGGTCTTACGC'),(1577,'ATCTCAGGTTATGCGA'),(1571,'ATCTCAGGTTCTAGCT'),(820,'ATCTCTGT'),(667,'ATCTGACC'),(827,'ATCTTACC'),(1009,'ATCTTTAG'),(465,'ATGAAC'),(1071,'ATGAAGAC'),(771,'ATGAATCT'),(644,'ATGACAGG'),(924,'ATGACCGC'),(996,'ATGAGAAA'),(148,'ATGAGC'),(3052,'ATGAGCAAGGTTCA'),(3053,'ATGAGCACTTAGCA'),(3054,'ATGAGCAGAGAACA'),(2672,'ATGAGCCTAATCGA'),(2673,'ATGAGCCTAGAACA'),(3058,'ATGAGCGGAACTTA'),(3055,'ATGAGCGTGTCTTA'),(2671,'ATGAGCTAAGACAC'),(2674,'ATGAGCTAAGTTCC'),(2675,'ATGAGCTAGACCTA'),(3059,'ATGAGCTAGGTCTA'),(3056,'ATGAGCTCGATTAG'),(2668,'ATGAGCTGAACCTT'),(2669,'ATGAGCTGCTAAGT'),(3057,'ATGAGCTGTTCTAG'),(2670,'ATGAGCTGTTCTCT'),(336,'ATGCCTAA'),(879,'ATGCCTTA'),(44,'ATGCGCAG'),(1662,'ATGCGCAGAAGGAGTA'),(1671,'ATGCGCAGAAGGCTAT'),(1982,'ATGCGCAGACTCTAGG'),(1661,'ATGCGCAGACTGCATA'),(1973,'ATGCGCAGAGAGGATA'),(1981,'ATGCGCAGAGCTAGAA'),(1977,'ATGCGCAGAGGCTTAG'),(1972,'ATGCGCAGATAGAGAG'),(1985,'ATGCGCAGATAGCCTT'),(1978,'ATGCGCAGATTAGACG'),(1668,'ATGCGCAGCCTAGAGT'),(1979,'ATGCGCAGCGGAGAGA'),(1664,'ATGCGCAGCGTCTAAT'),(1663,'ATGCGCAGCTAAGCCT'),(1980,'ATGCGCAGCTAGTCGA'),(1670,'ATGCGCAGCTATTAAG'),(1974,'ATGCGCAGCTCCTTAC'),(1658,'ATGCGCAGCTCTCTAT'),(1984,'ATGCGCAGCTTAATAG'),(1672,'ATGCGCAGGAGCCTTA'),(1669,'ATGCGCAGGCGTAAGA'),(1660,'ATGCGCAGGTAAGGAG'),(1986,'ATGCGCAGTAAGGCTC'),(1976,'ATGCGCAGTACTCCTT'),(1659,'ATGCGCAGTATCCTCT'),(1975,'ATGCGCAGTATGCAGT'),(1666,'ATGCGCAGTCGACTAG'),(1987,'ATGCGCAGTCGCATAA'),(1665,'ATGCGCAGTCTCTCCG'),(1983,'ATGCGCAGTCTTACGC'),(1673,'ATGCGCAGTTATGCGA'),(1667,'ATGCGCAGTTCTAGCT'),(1019,'ATGCTCCG'),(892,'ATGCTGAA'),(1054,'ATGGAATG'),(488,'ATGGCG'),(89,'ATGTCA'),(529,'ATGTCAA'),(2964,'ATGTCAAAGGTTCA'),(2965,'ATGTCAACTTAGCA'),(2966,'ATGTCAAGAGAACA'),(213,'ATGTCAAT'),(2584,'ATGTCACTAATCGA'),(2585,'ATGTCACTAGAACA'),(563,'ATGTCAG'),(15,'ATGTCAGA'),(2970,'ATGTCAGGAACTTA'),(2967,'ATGTCAGTGTCTTA'),(2583,'ATGTCATAAGACAC'),(2586,'ATGTCATAAGTTCC'),(2587,'ATGTCATAGACCTA'),(2971,'ATGTCATAGGTCTA'),(2968,'ATGTCATCGATTAG'),(2580,'ATGTCATGAACCTT'),(2581,'ATGTCATGCTAAGT'),(2969,'ATGTCATGTTCTAG'),(2582,'ATGTCATGTTCTCT'),(292,'ATGTTG'),(63,'ATTACTCG'),(3249,'ATTACTCGAACAATGG'),(3246,'ATTACTCGAACGCATT'),(3240,'ATTACTCGAAGTAGAG'),(3486,'ATTACTCGAATGCGTT'),(3241,'ATTACTCGACACGATC'),(3247,'ATTACTCGACAGGTAT'),(3485,'ATTACTCGACCAAGGA'),(3482,'ATTACTCGACCGCGCG'),(2378,'ATTACTCGACGTCCTG'),(3250,'ATTACTCGACTGTATC'),(2374,'ATTACTCGAGGATAGG'),(2280,'ATTACTCGAGGCGAAG'),(2372,'ATTACTCGAGGCTATA'),(3248,'ATTACTCGAGGTAAGG'),(3251,'ATTACTCGAGGTCGCA'),(3487,'ATTACTCGATACCTGT'),(2277,'ATTACTCGATAGAGGC'),(2282,'ATTACTCGCAGGACGT'),(3243,'ATTACTCGCATGATCG'),(3489,'ATTACTCGCCATTGTT'),(2278,'ATTACTCGCCTATCCT'),(3488,'ATTACTCGCCTTACCT'),(3483,'ATTACTCGCGATCATG'),(3242,'ATTACTCGCGCGCGGT'),(3244,'ATTACTCGCGTTACCA'),(3480,'ATTACTCGCTCTACTT'),(2376,'ATTACTCGCTTCGCCT'),(3490,'ATTACTCGGATACAGT'),(3481,'ATTACTCGGATCGTGT'),(2373,'ATTACTCGGCCTCTAT'),(2279,'ATTACTCGGGCTCTGA'),(2283,'ATTACTCGGTACTGAC'),(2379,'ATTACTCGGTCAGTAC'),(2377,'ATTACTCGTAAGATTA'),(2281,'ATTACTCGTAATCTTA'),(2276,'ATTACTCGTATAGCCT'),(2375,'ATTACTCGTCAGAGCC'),(3245,'ATTACTCGTCCTTGGT'),(3491,'ATTACTCGTGCGACCT'),(3484,'ATTACTCGTGGTAACG'),(728,'ATTACTTC'),(1204,'ATTAGACG'),(141,'ATTATA'),(67,'ATTCAGAA'),(3297,'ATTCAGAAAACAATGG'),(3294,'ATTCAGAAAACGCATT'),(3288,'ATTCAGAAAAGTAGAG'),(3534,'ATTCAGAAAATGCGTT'),(3289,'ATTCAGAAACACGATC'),(3295,'ATTCAGAAACAGGTAT'),(3533,'ATTCAGAAACCAAGGA'),(3530,'ATTCAGAAACCGCGCG'),(2410,'ATTCAGAAACGTCCTG'),(3298,'ATTCAGAAACTGTATC'),(2406,'ATTCAGAAAGGATAGG'),(2312,'ATTCAGAAAGGCGAAG'),(2404,'ATTCAGAAAGGCTATA'),(3296,'ATTCAGAAAGGTAAGG'),(3299,'ATTCAGAAAGGTCGCA'),(3535,'ATTCAGAAATACCTGT'),(2309,'ATTCAGAAATAGAGGC'),(2314,'ATTCAGAACAGGACGT'),(3291,'ATTCAGAACATGATCG'),(3537,'ATTCAGAACCATTGTT'),(2310,'ATTCAGAACCTATCCT'),(3536,'ATTCAGAACCTTACCT'),(3531,'ATTCAGAACGATCATG'),(3290,'ATTCAGAACGCGCGGT'),(3292,'ATTCAGAACGTTACCA'),(3528,'ATTCAGAACTCTACTT'),(2408,'ATTCAGAACTTCGCCT'),(3538,'ATTCAGAAGATACAGT'),(3529,'ATTCAGAAGATCGTGT'),(2405,'ATTCAGAAGCCTCTAT'),(2311,'ATTCAGAAGGCTCTGA'),(2315,'ATTCAGAAGTACTGAC'),(2411,'ATTCAGAAGTCAGTAC'),(2409,'ATTCAGAATAAGATTA'),(2313,'ATTCAGAATAATCTTA'),(2308,'ATTCAGAATATAGCCT'),(2407,'ATTCAGAATCAGAGCC'),(3293,'ATTCAGAATCCTTGGT'),(3539,'ATTCAGAATGCGACCT'),(3532,'ATTCAGAATGGTAACG'),(134,'ATTCCG'),(834,'ATTCCGAT'),(592,'ATTCCGCT'),(98,'ATTCCT'),(3060,'ATTCCTAAGGTTCA'),(3061,'ATTCCTACTTAGCA'),(3062,'ATTCCTAGAGAACA'),(220,'ATTCCTAT'),(2680,'ATTCCTCTAATCGA'),(2681,'ATTCCTCTAGAACA'),(3066,'ATTCCTGGAACTTA'),(3063,'ATTCCTGTGTCTTA'),(571,'ATTCCTT'),(2679,'ATTCCTTAAGACAC'),(2682,'ATTCCTTAAGTTCC'),(2683,'ATTCCTTAGACCTA'),(3067,'ATTCCTTAGGTCTA'),(3064,'ATTCCTTCGATTAG'),(2676,'ATTCCTTGAACCTT'),(2677,'ATTCCTTGCTAAGT'),(3065,'ATTCCTTGTTCTAG'),(2678,'ATTCCTTGTTCTCT'),(24,'ATTCCTTT'),(782,'ATTCTAAG'),(237,'ATTGAAC'),(380,'ATTGAGGA'),(687,'ATTGCCGG'),(917,'ATTGCGTG'),(104,'ATTGGC'),(1026,'ATTGGCGT'),(395,'ATTGGCTC'),(512,'ATTGGT'),(1122,'ATTTAACT'),(741,'ATTTGCTA'),(149,'CAAAAG'),(3068,'CAAAAGAAGGTTCA'),(3069,'CAAAAGACTTAGCA'),(3070,'CAAAAGAGAGAACA'),(2688,'CAAAAGCTAATCGA'),(2689,'CAAAAGCTAGAACA'),(3074,'CAAAAGGGAACTTA'),(3071,'CAAAAGGTGTCTTA'),(2687,'CAAAAGTAAGACAC'),(2690,'CAAAAGTAAGTTCC'),(2691,'CAAAAGTAGACCTA'),(3075,'CAAAAGTAGGTCTA'),(3072,'CAAAAGTCGATTAG'),(2684,'CAAAAGTGAACCTT'),(2685,'CAAAAGTGCTAAGT'),(3073,'CAAAAGTGTTCTAG'),(2686,'CAAAAGTGTTCTCT'),(979,'CAAAGTGG'),(982,'CAAATACG'),(590,'CAACACAG'),(514,'CAACAG'),(382,'CAACCACA'),(997,'CAACGCCT'),(150,'CAACTA'),(3076,'CAACTAAAGGTTCA'),(3077,'CAACTAACTTAGCA'),(3078,'CAACTAAGAGAACA'),(2696,'CAACTACTAATCGA'),(2697,'CAACTACTAGAACA'),(3082,'CAACTAGGAACTTA'),(3079,'CAACTAGTGTCTTA'),(2695,'CAACTATAAGACAC'),(2698,'CAACTATAAGTTCC'),(2699,'CAACTATAGACCTA'),(3083,'CAACTATAGGTCTA'),(3080,'CAACTATCGATTAG'),(2692,'CAACTATGAACCTT'),(2693,'CAACTATGCTAAGT'),(3081,'CAACTATGTTCTAG'),(2694,'CAACTATGTTCTCT'),(675,'CAAGAATT'),(373,'CAAGACTA'),(456,'CAAGCA'),(659,'CAAGCCAA'),(238,'CAAGCCC'),(767,'CAAGCTCC'),(345,'CAAGGAGC'),(179,'CAAGGCGA'),(1018,'CAAGTAAA'),(1097,'CAAT'),(744,'CAATACCC'),(681,'CAATCTTA'),(515,'CAATGC'),(428,'CAATGGAA'),(948,'CAATGGAG'),(468,'CACACT'),(1112,'CACATTGG'),(58,'CACCACAC'),(2236,'CACCACACAAGGTTCA'),(2237,'CACCACACACTTAGCA'),(2238,'CACCACACAGAGAACA'),(2144,'CACCACACCTAATCGA'),(2145,'CACCACACCTAGAACA'),(2242,'CACCACACGGAACTTA'),(2239,'CACCACACGTGTCTTA'),(2143,'CACCACACTAAGACAC'),(2146,'CACCACACTAAGTTCC'),(2147,'CACCACACTAGACCTA'),(2243,'CACCACACTAGGTCTA'),(2240,'CACCACACTCGATTAG'),(2140,'CACCACACTGAACCTT'),(2141,'CACCACACTGCTAAGT'),(2241,'CACCACACTGTTCTAG'),(2142,'CACCACACTGTTCTCT'),(1014,'CACCGCTC'),(151,'CACCGG'),(3084,'CACCGGAAGGTTCA'),(3085,'CACCGGACTTAGCA'),(3086,'CACCGGAGAGAACA'),(2704,'CACCGGCTAATCGA'),(2705,'CACCGGCTAGAACA'),(239,'CACCGGG'),(3090,'CACCGGGGAACTTA'),(3087,'CACCGGGTGTCTTA'),(2703,'CACCGGTAAGACAC'),(2706,'CACCGGTAAGTTCC'),(2707,'CACCGGTAGACCTA'),(3091,'CACCGGTAGGTCTA'),(3088,'CACCGGTCGATTAG'),(2700,'CACCGGTGAACCTT'),(2701,'CACCGGTGCTAAGT'),(3089,'CACCGGTGTTCTAG'),(2702,'CACCGGTGTTCTCT'),(959,'CACCTGCC'),(364,'CACCTTAC'),(981,'CACGAGAA'),(152,'CACGAT'),(3092,'CACGATAAGGTTCA'),(3093,'CACGATACTTAGCA'),(3094,'CACGATAGAGAACA'),(2712,'CACGATCTAATCGA'),(2713,'CACGATCTAGAACA'),(3098,'CACGATGGAACTTA'),(3095,'CACGATGTGTCTTA'),(2711,'CACGATTAAGACAC'),(2714,'CACGATTAAGTTCC'),(2715,'CACGATTAGACCTA'),(3099,'CACGATTAGGTCTA'),(3096,'CACGATTCGATTAG'),(2708,'CACGATTGAACCTT'),(2709,'CACGATTGCTAAGT'),(3097,'CACGATTGTTCTAG'),(2710,'CACGATTGTTCTCT'),(753,'CACGCCTT'),(1058,'CACGGTGC'),(972,'CACGTCGG'),(504,'CACTAA'),(153,'CACTCA'),(534,'CACTCAA'),(3100,'CACTCAAAGGTTCA'),(3101,'CACTCAACTTAGCA'),(3102,'CACTCAAGAGAACA'),(2720,'CACTCACTAATCGA'),(2721,'CACTCACTAGAACA'),(3106,'CACTCAGGAACTTA'),(3103,'CACTCAGTGTCTTA'),(2719,'CACTCATAAGACAC'),(2722,'CACTCATAAGTTCC'),(2723,'CACTCATAGACCTA'),(3107,'CACTCATAGGTCTA'),(3104,'CACTCATCGATTAG'),(2716,'CACTCATGAACCTT'),(2717,'CACTCATGCTAAGT'),(3105,'CACTCATGTTCTAG'),(2718,'CACTCATGTTCTCT'),(735,'CACTCGGA'),(103,'CACTGT'),(365,'CACTTCGA'),(32,'CAGAGAGG'),(1309,'CAGAGAGGAAGGAGTA'),(1308,'CAGAGAGGACTGCATA'),(1413,'CAGAGAGGAGAGGATA'),(1306,'CAGAGAGGAGAGTAGA'),(1418,'CAGAGAGGAGGCTTAG'),(1412,'CAGAGAGGATAGAGAG'),(1310,'CAGAGAGGCTAAGCCT'),(1415,'CAGAGAGGCTCCTTAC'),(1304,'CAGAGAGGCTCTCTAT'),(1411,'CAGAGAGGGCGATCTA'),(1311,'CAGAGAGGGCGTAAGA'),(1307,'CAGAGAGGGTAAGGAG'),(1417,'CAGAGAGGTACTCCTT'),(1303,'CAGAGAGGTAGATCGC'),(1305,'CAGAGAGGTATCCTCT'),(1416,'CAGAGAGGTATGCAGT'),(1414,'CAGAGAGGTCTACTCT'),(1419,'CAGAGAGGTCTTACGC'),(821,'CAGAGGCC'),(81,'CAGATC'),(557,'CAGATCA'),(2900,'CAGATCAAGGTTCA'),(2901,'CAGATCACTTAGCA'),(2902,'CAGATCAGAGAACA'),(7,'CAGATCAT'),(53,'CAGATCCA'),(2196,'CAGATCCAAAGGTTCA'),(2197,'CAGATCCAACTTAGCA'),(2198,'CAGATCCAAGAGAACA'),(2104,'CAGATCCACTAATCGA'),(2105,'CAGATCCACTAGAACA'),(2202,'CAGATCCAGGAACTTA'),(2199,'CAGATCCAGTGTCTTA'),(2103,'CAGATCCATAAGACAC'),(2106,'CAGATCCATAAGTTCC'),(2107,'CAGATCCATAGACCTA'),(2203,'CAGATCCATAGGTCTA'),(2200,'CAGATCCATCGATTAG'),(2100,'CAGATCCATGAACCTT'),(2101,'CAGATCCATGCTAAGT'),(2201,'CAGATCCATGTTCTAG'),(2102,'CAGATCCATGTTCTCT'),(2520,'CAGATCCTAATCGA'),(2521,'CAGATCCTAGAACA'),(2906,'CAGATCGGAACTTA'),(2903,'CAGATCGTGTCTTA'),(2519,'CAGATCTAAGACAC'),(2522,'CAGATCTAAGTTCC'),(2523,'CAGATCTAGACCTA'),(2907,'CAGATCTAGGTCTA'),(2904,'CAGATCTCGATTAG'),(358,'CAGATCTG'),(2516,'CAGATCTGAACCTT'),(2517,'CAGATCTGCTAAGT'),(2905,'CAGATCTGTTCTAG'),(2518,'CAGATCTGTTCTCT'),(445,'CAGATG'),(994,'CAGATGGG'),(995,'CAGCATCA'),(961,'CAGCCACT'),(927,'CAGCCCAC'),(1157,'CAGCCTCG'),(4092,'CAGCCTCGAAGGAGTA'),(4101,'CAGCCTCGAAGGCTAT'),(4322,'CAGCCTCGACTCTAGG'),(4091,'CAGCCTCGACTGCATA'),(4313,'CAGCCTCGAGAGGATA'),(4321,'CAGCCTCGAGCTAGAA'),(4317,'CAGCCTCGAGGCTTAG'),(4312,'CAGCCTCGATAGAGAG'),(4325,'CAGCCTCGATAGCCTT'),(4318,'CAGCCTCGATTAGACG'),(4098,'CAGCCTCGCCTAGAGT'),(4104,'CAGCCTCGCGACTAGC'),(4319,'CAGCCTCGCGGAGAGA'),(4094,'CAGCCTCGCGTCTAAT'),(4093,'CAGCCTCGCTAAGCCT'),(4320,'CAGCCTCGCTAGTCGA'),(4100,'CAGCCTCGCTATTAAG'),(4314,'CAGCCTCGCTCCTTAC'),(4088,'CAGCCTCGCTCTCTAT'),(4324,'CAGCCTCGCTTAATAG'),(4102,'CAGCCTCGGAGCCTTA'),(4107,'CAGCCTCGGAGCTAGA'),(4099,'CAGCCTCGGCGTAAGA'),(4106,'CAGCCTCGGCTAGTCG'),(4090,'CAGCCTCGGTAAGGAG'),(4326,'CAGCCTCGTAAGGCTC'),(4316,'CAGCCTCGTACTCCTT'),(4089,'CAGCCTCGTATCCTCT'),(4315,'CAGCCTCGTATGCAGT'),(4096,'CAGCCTCGTCGACTAG'),(4327,'CAGCCTCGTCGCATAA'),(4105,'CAGCCTCGTCTAGCTC'),(4095,'CAGCCTCGTCTCTCCG'),(4323,'CAGCCTCGTCTTACGC'),(4103,'CAGCCTCGTTATGCGA'),(4097,'CAGCCTCGTTCTAGCT'),(1012,'CAGCGGAA'),(469,'CAGCGT'),(342,'CAGCGTTA'),(517,'CAGGAC'),(177,'CAGGACGT'),(3465,'CAGGACGTAACAATGG'),(3462,'CAGGACGTAACGCATT'),(3456,'CAGGACGTAAGTAGAG'),(3702,'CAGGACGTAATGCGTT'),(3457,'CAGGACGTACACGATC'),(3463,'CAGGACGTACAGGTAT'),(3701,'CAGGACGTACCAAGGA'),(3698,'CAGGACGTACCGCGCG'),(3466,'CAGGACGTACTGTATC'),(3464,'CAGGACGTAGGTAAGG'),(3467,'CAGGACGTAGGTCGCA'),(3703,'CAGGACGTATACCTGT'),(3459,'CAGGACGTCATGATCG'),(3705,'CAGGACGTCCATTGTT'),(3704,'CAGGACGTCCTTACCT'),(3699,'CAGGACGTCGATCATG'),(3458,'CAGGACGTCGCGCGGT'),(3460,'CAGGACGTCGTTACCA'),(3696,'CAGGACGTCTCTACTT'),(3706,'CAGGACGTGATACAGT'),(3697,'CAGGACGTGATCGTGT'),(3461,'CAGGACGTTCCTTGGT'),(3707,'CAGGACGTTGCGACCT'),(3700,'CAGGACGTTGGTAACG'),(885,'CAGGATGG'),(154,'CAGGCG'),(535,'CAGGCGA'),(3108,'CAGGCGAAGGTTCA'),(3109,'CAGGCGACTTAGCA'),(3110,'CAGGCGAGAGAACA'),(2728,'CAGGCGCTAATCGA'),(2729,'CAGGCGCTAGAACA'),(3114,'CAGGCGGGAACTTA'),(3111,'CAGGCGGTGTCTTA'),(2727,'CAGGCGTAAGACAC'),(2730,'CAGGCGTAAGTTCC'),(2731,'CAGGCGTAGACCTA'),(3115,'CAGGCGTAGGTCTA'),(3112,'CAGGCGTCGATTAG'),(2724,'CAGGCGTGAACCTT'),(2725,'CAGGCGTGCTAAGT'),(3113,'CAGGCGTGTTCTAG'),(2726,'CAGGCGTGTTCTCT'),(579,'CAGGTTCA'),(701,'CAGTACTG'),(613,'CAGTGCTT'),(425,'CATACCAA'),(650,'CATACGGA'),(883,'CATATAAC'),(594,'CATCAACC'),(359,'CATCAAGT'),(916,'CATCACTT'),(184,'CATCAGAC'),(240,'CATCATC'),(493,'CATCTA'),(970,'CATCTCCA'),(1091,'CATGAA'),(766,'CATGAACA'),(202,'CATGATCG'),(3765,'CATGATCGAACAATGG'),(3762,'CATGATCGAACGCATT'),(3756,'CATGATCGAAGTAGAG'),(3906,'CATGATCGAATGCGTT'),(3757,'CATGATCGACACGATC'),(3763,'CATGATCGACAGGTAT'),(3905,'CATGATCGACCAAGGA'),(3902,'CATGATCGACCGCGCG'),(3766,'CATGATCGACTGTATC'),(3764,'CATGATCGAGGTAAGG'),(3767,'CATGATCGAGGTCGCA'),(3907,'CATGATCGATACCTGT'),(3759,'CATGATCGCATGATCG'),(3909,'CATGATCGCCATTGTT'),(3908,'CATGATCGCCTTACCT'),(3903,'CATGATCGCGATCATG'),(3758,'CATGATCGCGCGCGGT'),(3760,'CATGATCGCGTTACCA'),(3900,'CATGATCGCTCTACTT'),(3910,'CATGATCGGATACAGT'),(3901,'CATGATCGGATCGTGT'),(3761,'CATGATCGTCCTTGGT'),(3911,'CATGATCGTGCGACCT'),(3904,'CATGATCGTGGTAACG'),(1154,'CATGCCTA'),(4032,'CATGCCTAAAGGAGTA'),(4041,'CATGCCTAAAGGCTAT'),(4274,'CATGCCTAACTCTAGG'),(4031,'CATGCCTAACTGCATA'),(4265,'CATGCCTAAGAGGATA'),(4273,'CATGCCTAAGCTAGAA'),(4269,'CATGCCTAAGGCTTAG'),(4264,'CATGCCTAATAGAGAG'),(4277,'CATGCCTAATAGCCTT'),(4270,'CATGCCTAATTAGACG'),(4038,'CATGCCTACCTAGAGT'),(4044,'CATGCCTACGACTAGC'),(4271,'CATGCCTACGGAGAGA'),(4034,'CATGCCTACGTCTAAT'),(4033,'CATGCCTACTAAGCCT'),(4272,'CATGCCTACTAGTCGA'),(4040,'CATGCCTACTATTAAG'),(4266,'CATGCCTACTCCTTAC'),(4028,'CATGCCTACTCTCTAT'),(4276,'CATGCCTACTTAATAG'),(4042,'CATGCCTAGAGCCTTA'),(4047,'CATGCCTAGAGCTAGA'),(4039,'CATGCCTAGCGTAAGA'),(4046,'CATGCCTAGCTAGTCG'),(4030,'CATGCCTAGTAAGGAG'),(4278,'CATGCCTATAAGGCTC'),(4268,'CATGCCTATACTCCTT'),(4029,'CATGCCTATATCCTCT'),(4267,'CATGCCTATATGCAGT'),(4036,'CATGCCTATCGACTAG'),(4279,'CATGCCTATCGCATAA'),(4045,'CATGCCTATCTAGCTC'),(4035,'CATGCCTATCTCTCCG'),(4275,'CATGCCTATCTTACGC'),(4043,'CATGCCTATTATGCGA'),(4037,'CATGCCTATTCTAGCT'),(740,'CATGCGAT'),(155,'CATGGC'),(536,'CATGGCA'),(3116,'CATGGCAAGGTTCA'),(3117,'CATGGCACTTAGCA'),(3118,'CATGGCAGAGAACA'),(2736,'CATGGCCTAATCGA'),(2737,'CATGGCCTAGAACA'),(3122,'CATGGCGGAACTTA'),(3119,'CATGGCGTGTCTTA'),(2735,'CATGGCTAAGACAC'),(2738,'CATGGCTAAGTTCC'),(2739,'CATGGCTAGACCTA'),(3123,'CATGGCTAGGTCTA'),(3120,'CATGGCTCGATTAG'),(2732,'CATGGCTGAACCTT'),(2733,'CATGGCTGCTAAGT'),(3121,'CATGGCTGTTCTAG'),(2734,'CATGGCTGTTCTCT'),(333,'CATGGTGA'),(326,'CATGGTGAACACTCT'),(751,'CATTAGCG'),(241,'CATTCCT'),(651,'CATTCGTC'),(156,'CATTTT'),(537,'CATTTTA'),(3124,'CATTTTAAGGTTCA'),(3125,'CATTTTACTTAGCA'),(3126,'CATTTTAGAGAACA'),(2744,'CATTTTCTAATCGA'),(2745,'CATTTTCTAGAACA'),(3130,'CATTTTGGAACTTA'),(3127,'CATTTTGTGTCTTA'),(2743,'CATTTTTAAGACAC'),(2746,'CATTTTTAAGTTCC'),(2747,'CATTTTTAGACCTA'),(3131,'CATTTTTAGGTCTA'),(3128,'CATTTTTCGATTAG'),(2740,'CATTTTTGAACCTT'),(2741,'CATTTTTGCTAAGT'),(3129,'CATTTTTGTTCTAG'),(2742,'CATTTTTGTTCTCT'),(157,'CCAACA'),(538,'CCAACAA'),(3132,'CCAACAAAGGTTCA'),(3133,'CCAACAACTTAGCA'),(3134,'CCAACAAGAGAACA'),(634,'CCAACACT'),(2752,'CCAACACTAATCGA'),(2753,'CCAACACTAGAACA'),(3138,'CCAACAGGAACTTA'),(3135,'CCAACAGTGTCTTA'),(2751,'CCAACATAAGACAC'),(2754,'CCAACATAAGTTCC'),(2755,'CCAACATAGACCTA'),(3139,'CCAACATAGGTCTA'),(3136,'CCAACATCGATTAG'),(2748,'CCAACATGAACCTT'),(2749,'CCAACATGCTAAGT'),(3137,'CCAACATGTTCTAG'),(2750,'CCAACATGTTCTCT'),(785,'CCAAGATG'),(648,'CCAAGTAG'),(459,'CCAATT'),(1100,'CCAC'),(612,'CCACAACA'),(931,'CCACAGGG'),(602,'CCACATTG'),(787,'CCACTACA'),(120,'CCACTC'),(198,'CCACTCCT'),(723,'CCACTTAT'),(960,'CCAGGAGC'),(811,'CCAGGGCA'),(344,'CCAGTTCA'),(1078,'CCATATGC'),(371,'CCATCCTC'),(1237,'CCATTGTT'),(57,'CCCAACCT'),(2228,'CCCAACCTAAGGTTCA'),(2229,'CCCAACCTACTTAGCA'),(2230,'CCCAACCTAGAGAACA'),(2136,'CCCAACCTCTAATCGA'),(2137,'CCCAACCTCTAGAACA'),(2234,'CCCAACCTGGAACTTA'),(2231,'CCCAACCTGTGTCTTA'),(2135,'CCCAACCTTAAGACAC'),(2138,'CCCAACCTTAAGTTCC'),(2139,'CCCAACCTTAGACCTA'),(2235,'CCCAACCTTAGGTCTA'),(2232,'CCCAACCTTCGATTAG'),(2132,'CCCAACCTTGAACCTT'),(2133,'CCCAACCTTGCTAAGT'),(2233,'CCCAACCTTGTTCTAG'),(2134,'CCCAACCTTGTTCTCT'),(762,'CCCAATAG'),(798,'CCCACAGT'),(1005,'CCCAGGAT'),(877,'CCCGATTA'),(738,'CCCTAACA'),(401,'CCGAAGTA'),(410,'CCGACAAC'),(482,'CCGACC'),(873,'CCGATAGC'),(1034,'CCGATTAA'),(472,'CCGCAA'),(1103,'CCGG'),(636,'CCGGAATA'),(1020,'CCGGGTAT'),(127,'CCGGTG'),(90,'CCGTCC'),(2972,'CCGTCCAAGGTTCA'),(2973,'CCGTCCACTTAGCA'),(2974,'CCGTCCAGAGAACA'),(214,'CCGTCCAT'),(564,'CCGTCCC'),(16,'CCGTCCCG'),(2592,'CCGTCCCTAATCGA'),(2593,'CCGTCCCTAGAACA'),(2978,'CCGTCCGGAACTTA'),(2975,'CCGTCCGTGTCTTA'),(2591,'CCGTCCTAAGACAC'),(2594,'CCGTCCTAAGTTCC'),(2595,'CCGTCCTAGACCTA'),(2979,'CCGTCCTAGGTCTA'),(2976,'CCGTCCTCGATTAG'),(2588,'CCGTCCTGAACCTT'),(2589,'CCGTCCTGCTAAGT'),(2977,'CCGTCCTGTTCTAG'),(2590,'CCGTCCTGTTCTCT'),(424,'CCGTGAGA'),(898,'CCGTGTGA'),(190,'CCGTTTGT'),(944,'CCTAACAA'),(448,'CCTAAG'),(47,'CCTAAGAC'),(1710,'CCTAAGACAAGGAGTA'),(1719,'CCTAAGACAAGGCTAT'),(2030,'CCTAAGACACTCTAGG'),(1709,'CCTAAGACACTGCATA'),(2021,'CCTAAGACAGAGGATA'),(2029,'CCTAAGACAGCTAGAA'),(2025,'CCTAAGACAGGCTTAG'),(2020,'CCTAAGACATAGAGAG'),(2033,'CCTAAGACATAGCCTT'),(2026,'CCTAAGACATTAGACG'),(1716,'CCTAAGACCCTAGAGT'),(2027,'CCTAAGACCGGAGAGA'),(1712,'CCTAAGACCGTCTAAT'),(1711,'CCTAAGACCTAAGCCT'),(2028,'CCTAAGACCTAGTCGA'),(1718,'CCTAAGACCTATTAAG'),(2022,'CCTAAGACCTCCTTAC'),(1706,'CCTAAGACCTCTCTAT'),(2032,'CCTAAGACCTTAATAG'),(1720,'CCTAAGACGAGCCTTA'),(1717,'CCTAAGACGCGTAAGA'),(1708,'CCTAAGACGTAAGGAG'),(2034,'CCTAAGACTAAGGCTC'),(2024,'CCTAAGACTACTCCTT'),(1707,'CCTAAGACTATCCTCT'),(2023,'CCTAAGACTATGCAGT'),(1714,'CCTAAGACTCGACTAG'),(2035,'CCTAAGACTCGCATAA'),(1713,'CCTAAGACTCTCTCCG'),(2031,'CCTAAGACTCTTACGC'),(1721,'CCTAAGACTTATGCGA'),(1715,'CCTAAGACTTCTAGCT'),(399,'CCTAATCC'),(943,'CCTACGTA'),(182,'CCTAGAAT'),(724,'CCTAGACC'),(1178,'CCTAGAGT'),(623,'CCTATACC'),(173,'CCTATCCT'),(3417,'CCTATCCTAACAATGG'),(3414,'CCTATCCTAACGCATT'),(3408,'CCTATCCTAAGTAGAG'),(3654,'CCTATCCTAATGCGTT'),(3409,'CCTATCCTACACGATC'),(3415,'CCTATCCTACAGGTAT'),(3653,'CCTATCCTACCAAGGA'),(3650,'CCTATCCTACCGCGCG'),(3418,'CCTATCCTACTGTATC'),(3416,'CCTATCCTAGGTAAGG'),(3419,'CCTATCCTAGGTCGCA'),(3655,'CCTATCCTATACCTGT'),(3411,'CCTATCCTCATGATCG'),(3657,'CCTATCCTCCATTGTT'),(3656,'CCTATCCTCCTTACCT'),(3651,'CCTATCCTCGATCATG'),(3410,'CCTATCCTCGCGCGGT'),(3412,'CCTATCCTCGTTACCA'),(3648,'CCTATCCTCTCTACTT'),(3658,'CCTATCCTGATACAGT'),(3649,'CCTATCCTGATCGTGT'),(3413,'CCTATCCTTCCTTGGT'),(3659,'CCTATCCTTGCGACCT'),(3652,'CCTATCCTTGGTAACG'),(773,'CCTCATTC'),(383,'CCTCCTGA'),(678,'CCTCGCAG'),(242,'CCTCGCT'),(402,'CCTCTATC'),(899,'CCTGAAGG'),(1158,'CCTGAGAT'),(4112,'CCTGAGATAAGGAGTA'),(4121,'CCTGAGATAAGGCTAT'),(4338,'CCTGAGATACTCTAGG'),(4111,'CCTGAGATACTGCATA'),(4329,'CCTGAGATAGAGGATA'),(4337,'CCTGAGATAGCTAGAA'),(4333,'CCTGAGATAGGCTTAG'),(4328,'CCTGAGATATAGAGAG'),(4341,'CCTGAGATATAGCCTT'),(4334,'CCTGAGATATTAGACG'),(4118,'CCTGAGATCCTAGAGT'),(4124,'CCTGAGATCGACTAGC'),(4335,'CCTGAGATCGGAGAGA'),(4114,'CCTGAGATCGTCTAAT'),(4113,'CCTGAGATCTAAGCCT'),(4336,'CCTGAGATCTAGTCGA'),(4120,'CCTGAGATCTATTAAG'),(4330,'CCTGAGATCTCCTTAC'),(4108,'CCTGAGATCTCTCTAT'),(4340,'CCTGAGATCTTAATAG'),(4122,'CCTGAGATGAGCCTTA'),(4127,'CCTGAGATGAGCTAGA'),(4119,'CCTGAGATGCGTAAGA'),(4126,'CCTGAGATGCTAGTCG'),(4110,'CCTGAGATGTAAGGAG'),(4342,'CCTGAGATTAAGGCTC'),(4332,'CCTGAGATTACTCCTT'),(4109,'CCTGAGATTATCCTCT'),(4331,'CCTGAGATTATGCAGT'),(4116,'CCTGAGATTCGACTAG'),(4343,'CCTGAGATTCGCATAA'),(4125,'CCTGAGATTCTAGCTC'),(4115,'CCTGAGATTCTCTCCG'),(4339,'CCTGAGATTCTTACGC'),(4123,'CCTGAGATTTATGCGA'),(4117,'CCTGAGATTTCTAGCT'),(520,'CCTGCT'),(243,'CCTGGGC'),(665,'CCTGTCAA'),(808,'CCTGTGCG'),(1236,'CCTTACCT'),(611,'CCTTAGGT'),(1063,'CCTTGTAG'),(882,'CCTTTGTC'),(244,'CCTTTTA'),(119,'CGAAAC'),(639,'CGAACAAC'),(1015,'CGAACCTG'),(376,'CGAACTTA'),(433,'CGAAGG'),(422,'CGACACAC'),(598,'CGACCTAA'),(291,'CGACGC'),(1191,'CGACTAGC'),(363,'CGACTGGA'),(727,'CGACTTGA'),(803,'CGAGGCTC'),(34,'CGAGGCTG'),(1327,'CGAGGCTGAAGGAGTA'),(1525,'CGAGGCTGAAGGCTAT'),(1837,'CGAGGCTGACTCTAGG'),(1326,'CGAGGCTGACTGCATA'),(1431,'CGAGGCTGAGAGGATA'),(1324,'CGAGGCTGAGAGTAGA'),(1836,'CGAGGCTGAGCTAGAA'),(1436,'CGAGGCTGAGGCTTAG'),(1430,'CGAGGCTGATAGAGAG'),(1839,'CGAGGCTGATAGCCTT'),(1833,'CGAGGCTGATTAGACG'),(1523,'CGAGGCTGCCTAGAGT'),(1834,'CGAGGCTGCGGAGAGA'),(1519,'CGAGGCTGCGTCTAAT'),(1328,'CGAGGCTGCTAAGCCT'),(1835,'CGAGGCTGCTAGTCGA'),(1524,'CGAGGCTGCTATTAAG'),(1433,'CGAGGCTGCTCCTTAC'),(1322,'CGAGGCTGCTCTCTAT'),(1838,'CGAGGCTGCTTAATAG'),(1526,'CGAGGCTGGAGCCTTA'),(1429,'CGAGGCTGGCGATCTA'),(1329,'CGAGGCTGGCGTAAGA'),(1325,'CGAGGCTGGTAAGGAG'),(1840,'CGAGGCTGTAAGGCTC'),(1435,'CGAGGCTGTACTCCTT'),(1321,'CGAGGCTGTAGATCGC'),(1323,'CGAGGCTGTATCCTCT'),(1434,'CGAGGCTGTATGCAGT'),(1521,'CGAGGCTGTCGACTAG'),(1841,'CGAGGCTGTCGCATAA'),(1432,'CGAGGCTGTCTACTCT'),(1520,'CGAGGCTGTCTCTCCG'),(1437,'CGAGGCTGTCTTACGC'),(1527,'CGAGGCTGTTATGCGA'),(1522,'CGAGGCTGTTCTAGCT'),(969,'CGATAGCT'),(1045,'CGATCACC'),(48,'CGATCAGT'),(1726,'CGATCAGTAAGGAGTA'),(1735,'CGATCAGTAAGGCTAT'),(2046,'CGATCAGTACTCTAGG'),(1725,'CGATCAGTACTGCATA'),(2037,'CGATCAGTAGAGGATA'),(2045,'CGATCAGTAGCTAGAA'),(2041,'CGATCAGTAGGCTTAG'),(2036,'CGATCAGTATAGAGAG'),(2049,'CGATCAGTATAGCCTT'),(2042,'CGATCAGTATTAGACG'),(1732,'CGATCAGTCCTAGAGT'),(2043,'CGATCAGTCGGAGAGA'),(1728,'CGATCAGTCGTCTAAT'),(1727,'CGATCAGTCTAAGCCT'),(2044,'CGATCAGTCTAGTCGA'),(1734,'CGATCAGTCTATTAAG'),(2038,'CGATCAGTCTCCTTAC'),(1722,'CGATCAGTCTCTCTAT'),(2048,'CGATCAGTCTTAATAG'),(1736,'CGATCAGTGAGCCTTA'),(1733,'CGATCAGTGCGTAAGA'),(1724,'CGATCAGTGTAAGGAG'),(2050,'CGATCAGTTAAGGCTC'),(2040,'CGATCAGTTACTCCTT'),(1723,'CGATCAGTTATCCTCT'),(2039,'CGATCAGTTATGCAGT'),(1730,'CGATCAGTTCGACTAG'),(2051,'CGATCAGTTCGCATAA'),(1729,'CGATCAGTTCTCTCCG'),(2047,'CGATCAGTTCTTACGC'),(1737,'CGATCAGTTTATGCGA'),(1731,'CGATCAGTTTCTAGCT'),(1232,'CGATCATG'),(492,'CGATCT'),(76,'CGATGT'),(552,'CGATGTA'),(2860,'CGATGTAAGGTTCA'),(2861,'CGATGTACTTAGCA'),(2862,'CGATGTAGAGAACA'),(2,'CGATGTAT'),(2480,'CGATGTCTAATCGA'),(2481,'CGATGTCTAGAACA'),(2866,'CGATGTGGAACTTA'),(2863,'CGATGTGTGTCTTA'),(2479,'CGATGTTAAGACAC'),(2482,'CGATGTTAAGTTCC'),(2483,'CGATGTTAGACCTA'),(2867,'CGATGTTAGGTCTA'),(2864,'CGATGTTCGATTAG'),(2476,'CGATGTTGAACCTT'),(2477,'CGATGTTGCTAAGT'),(2865,'CGATGTTGTTCTAG'),(2478,'CGATGTTGTTCTCT'),(670,'CGATGTTT'),(139,'CGATTA'),(435,'CGCAAC'),(641,'CGCAACTA'),(964,'CGCAGTTC'),(412,'CGCATACA'),(890,'CGCATGTG'),(245,'CGCCAAA'),(932,'CGCCATCG'),(130,'CGCCTG'),(855,'CGCGATAC'),(201,'CGCGCGGT'),(3753,'CGCGCGGTAACAATGG'),(3750,'CGCGCGGTAACGCATT'),(3744,'CGCGCGGTAAGTAGAG'),(3894,'CGCGCGGTAATGCGTT'),(3745,'CGCGCGGTACACGATC'),(3751,'CGCGCGGTACAGGTAT'),(3893,'CGCGCGGTACCAAGGA'),(3890,'CGCGCGGTACCGCGCG'),(3754,'CGCGCGGTACTGTATC'),(3752,'CGCGCGGTAGGTAAGG'),(3755,'CGCGCGGTAGGTCGCA'),(3895,'CGCGCGGTATACCTGT'),(3747,'CGCGCGGTCATGATCG'),(3897,'CGCGCGGTCCATTGTT'),(3896,'CGCGCGGTCCTTACCT'),(3891,'CGCGCGGTCGATCATG'),(3746,'CGCGCGGTCGCGCGGT'),(3748,'CGCGCGGTCGTTACCA'),(3888,'CGCGCGGTCTCTACTT'),(3898,'CGCGCGGTGATACAGT'),(3889,'CGCGCGGTGATCGTGT'),(3749,'CGCGCGGTTCCTTGGT'),(3899,'CGCGCGGTTGCGACCT'),(3892,'CGCGCGGTTGGTAACG'),(447,'CGCGGA'),(572,'CGCTACAT'),(704,'CGCTATGT'),(65,'CGCTCATT'),(3273,'CGCTCATTAACAATGG'),(3270,'CGCTCATTAACGCATT'),(3264,'CGCTCATTAAGTAGAG'),(3510,'CGCTCATTAATGCGTT'),(3265,'CGCTCATTACACGATC'),(3271,'CGCTCATTACAGGTAT'),(3509,'CGCTCATTACCAAGGA'),(3506,'CGCTCATTACCGCGCG'),(2394,'CGCTCATTACGTCCTG'),(3274,'CGCTCATTACTGTATC'),(2390,'CGCTCATTAGGATAGG'),(2296,'CGCTCATTAGGCGAAG'),(2388,'CGCTCATTAGGCTATA'),(3272,'CGCTCATTAGGTAAGG'),(3275,'CGCTCATTAGGTCGCA'),(3511,'CGCTCATTATACCTGT'),(2293,'CGCTCATTATAGAGGC'),(2298,'CGCTCATTCAGGACGT'),(3267,'CGCTCATTCATGATCG'),(3513,'CGCTCATTCCATTGTT'),(2294,'CGCTCATTCCTATCCT'),(3512,'CGCTCATTCCTTACCT'),(3507,'CGCTCATTCGATCATG'),(3266,'CGCTCATTCGCGCGGT'),(3268,'CGCTCATTCGTTACCA'),(3504,'CGCTCATTCTCTACTT'),(2392,'CGCTCATTCTTCGCCT'),(3514,'CGCTCATTGATACAGT'),(3505,'CGCTCATTGATCGTGT'),(2389,'CGCTCATTGCCTCTAT'),(2295,'CGCTCATTGGCTCTGA'),(2299,'CGCTCATTGTACTGAC'),(2395,'CGCTCATTGTCAGTAC'),(2393,'CGCTCATTTAAGATTA'),(2297,'CGCTCATTTAATCTTA'),(2292,'CGCTCATTTATAGCCT'),(2391,'CGCTCATTTCAGAGCC'),(3269,'CGCTCATTTCCTTGGT'),(3515,'CGCTCATTTGCGACCT'),(3508,'CGCTCATTTGGTAACG'),(318,'CGCTCGGC'),(306,'CGCTCGGCGACTAGT'),(379,'CGCTGATC'),(246,'CGCTGCG'),(922,'CGCTTAGC'),(1101,'CGGA'),(1115,'CGGAACAT'),(158,'CGGAAT'),(539,'CGGAATA'),(3140,'CGGAATAAGGTTCA'),(3141,'CGGAATACTTAGCA'),(3142,'CGGAATAGAGAACA'),(2760,'CGGAATCTAATCGA'),(2761,'CGGAATCTAGAACA'),(3146,'CGGAATGGAACTTA'),(3143,'CGGAATGTGTCTTA'),(2759,'CGGAATTAAGACAC'),(2762,'CGGAATTAAGTTCC'),(2763,'CGGAATTAGACCTA'),(3147,'CGGAATTAGGTCTA'),(3144,'CGGAATTCGATTAG'),(2756,'CGGAATTGAACCTT'),(2757,'CGGAATTGCTAAGT'),(3145,'CGGAATTGTTCTAG'),(2758,'CGGAATTGTTCTCT'),(1205,'CGGAGAGA'),(764,'CGGAGCAC'),(42,'CGGAGCCT'),(1630,'CGGAGCCTAAGGAGTA'),(1639,'CGGAGCCTAAGGCTAT'),(1950,'CGGAGCCTACTCTAGG'),(1629,'CGGAGCCTACTGCATA'),(1941,'CGGAGCCTAGAGGATA'),(1949,'CGGAGCCTAGCTAGAA'),(1945,'CGGAGCCTAGGCTTAG'),(1940,'CGGAGCCTATAGAGAG'),(1953,'CGGAGCCTATAGCCTT'),(1946,'CGGAGCCTATTAGACG'),(1636,'CGGAGCCTCCTAGAGT'),(1947,'CGGAGCCTCGGAGAGA'),(1632,'CGGAGCCTCGTCTAAT'),(1631,'CGGAGCCTCTAAGCCT'),(1948,'CGGAGCCTCTAGTCGA'),(1638,'CGGAGCCTCTATTAAG'),(1942,'CGGAGCCTCTCCTTAC'),(1626,'CGGAGCCTCTCTCTAT'),(1952,'CGGAGCCTCTTAATAG'),(1640,'CGGAGCCTGAGCCTTA'),(1637,'CGGAGCCTGCGTAAGA'),(1628,'CGGAGCCTGTAAGGAG'),(1954,'CGGAGCCTTAAGGCTC'),(1944,'CGGAGCCTTACTCCTT'),(1627,'CGGAGCCTTATCCTCT'),(1943,'CGGAGCCTTATGCAGT'),(1634,'CGGAGCCTTCGACTAG'),(1955,'CGGAGCCTTCGCATAA'),(1633,'CGGAGCCTTCTCTCCG'),(1951,'CGGAGCCTTCTTACGC'),(1641,'CGGAGCCTTTATGCGA'),(1635,'CGGAGCCTTTCTAGCT'),(919,'CGGAGGGA'),(407,'CGGATTGC'),(71,'CGGCTATG'),(3345,'CGGCTATGAACAATGG'),(3342,'CGGCTATGAACGCATT'),(3336,'CGGCTATGAAGTAGAG'),(3582,'CGGCTATGAATGCGTT'),(3337,'CGGCTATGACACGATC'),(3343,'CGGCTATGACAGGTAT'),(3581,'CGGCTATGACCAAGGA'),(3578,'CGGCTATGACCGCGCG'),(2442,'CGGCTATGACGTCCTG'),(3346,'CGGCTATGACTGTATC'),(2438,'CGGCTATGAGGATAGG'),(2344,'CGGCTATGAGGCGAAG'),(2436,'CGGCTATGAGGCTATA'),(3344,'CGGCTATGAGGTAAGG'),(3347,'CGGCTATGAGGTCGCA'),(3583,'CGGCTATGATACCTGT'),(2341,'CGGCTATGATAGAGGC'),(2346,'CGGCTATGCAGGACGT'),(3339,'CGGCTATGCATGATCG'),(3585,'CGGCTATGCCATTGTT'),(2342,'CGGCTATGCCTATCCT'),(3584,'CGGCTATGCCTTACCT'),(3579,'CGGCTATGCGATCATG'),(3338,'CGGCTATGCGCGCGGT'),(3340,'CGGCTATGCGTTACCA'),(3576,'CGGCTATGCTCTACTT'),(2440,'CGGCTATGCTTCGCCT'),(3586,'CGGCTATGGATACAGT'),(3577,'CGGCTATGGATCGTGT'),(2437,'CGGCTATGGCCTCTAT'),(2343,'CGGCTATGGGCTCTGA'),(2347,'CGGCTATGGTACTGAC'),(2443,'CGGCTATGGTCAGTAC'),(2441,'CGGCTATGTAAGATTA'),(2345,'CGGCTATGTAATCTTA'),(2340,'CGGCTATGTATAGCCT'),(2439,'CGGCTATGTCAGAGCC'),(3341,'CGGCTATGTCCTTGGT'),(3587,'CGGCTATGTGCGACCT'),(3580,'CGGCTATGTGGTAACG'),(957,'CGGGCTTA'),(247,'CGGGTGT'),(895,'CGGTCCCA'),(443,'CGGTTA'),(95,'CGTACG'),(3020,'CGTACGAAGGTTCA'),(3021,'CGTACGACTTAGCA'),(3022,'CGTACGAGAGAACA'),(219,'CGTACGAT'),(2640,'CGTACGCTAATCGA'),(2641,'CGTACGCTAGAACA'),(3026,'CGTACGGGAACTTA'),(3023,'CGTACGGTGTCTTA'),(568,'CGTACGT'),(21,'CGTACGTA'),(2639,'CGTACGTAAGACAC'),(2642,'CGTACGTAAGTTCC'),(2643,'CGTACGTAGACCTA'),(3027,'CGTACGTAGGTCTA'),(3024,'CGTACGTCGATTAG'),(2636,'CGTACGTGAACCTT'),(2637,'CGTACGTGCTAAGT'),(3025,'CGTACGTGTTCTAG'),(2638,'CGTACGTGTTCTCT'),(26,'CGTACTAG'),(1255,'CGTACTAGAAGGAGTA'),(1471,'CGTACTAGAAGGCTAT'),(1783,'CGTACTAGACTCTAGG'),(1254,'CGTACTAGACTGCATA'),(1359,'CGTACTAGAGAGGATA'),(1252,'CGTACTAGAGAGTAGA'),(1782,'CGTACTAGAGCTAGAA'),(1364,'CGTACTAGAGGCTTAG'),(1358,'CGTACTAGATAGAGAG'),(1785,'CGTACTAGATAGCCTT'),(1779,'CGTACTAGATTAGACG'),(1469,'CGTACTAGCCTAGAGT'),(1780,'CGTACTAGCGGAGAGA'),(1465,'CGTACTAGCGTCTAAT'),(1256,'CGTACTAGCTAAGCCT'),(1781,'CGTACTAGCTAGTCGA'),(1470,'CGTACTAGCTATTAAG'),(1361,'CGTACTAGCTCCTTAC'),(1250,'CGTACTAGCTCTCTAT'),(1784,'CGTACTAGCTTAATAG'),(1472,'CGTACTAGGAGCCTTA'),(1357,'CGTACTAGGCGATCTA'),(1257,'CGTACTAGGCGTAAGA'),(1253,'CGTACTAGGTAAGGAG'),(1786,'CGTACTAGTAAGGCTC'),(1363,'CGTACTAGTACTCCTT'),(1249,'CGTACTAGTAGATCGC'),(1251,'CGTACTAGTATCCTCT'),(1362,'CGTACTAGTATGCAGT'),(1467,'CGTACTAGTCGACTAG'),(1787,'CGTACTAGTCGCATAA'),(1360,'CGTACTAGTCTACTCT'),(1466,'CGTACTAGTCTCTCCG'),(1365,'CGTACTAGTCTTACGC'),(1473,'CGTACTAGTTATGCGA'),(1468,'CGTACTAGTTCTAGCT'),(1068,'CGTATCGG'),(645,'CGTCCATT'),(1032,'CGTCCCGT'),(947,'CGTCCTAG'),(461,'CGTCGC'),(596,'CGTCTAAC'),(1174,'CGTCTAAT'),(248,'CGTGACT'),(99,'CGTGAT'),(765,'CGTGCAGA'),(716,'CGTTAATC'),(203,'CGTTACCA'),(3777,'CGTTACCAAACAATGG'),(3774,'CGTTACCAAACGCATT'),(3768,'CGTTACCAAAGTAGAG'),(3918,'CGTTACCAAATGCGTT'),(3769,'CGTTACCAACACGATC'),(3775,'CGTTACCAACAGGTAT'),(3917,'CGTTACCAACCAAGGA'),(3914,'CGTTACCAACCGCGCG'),(3778,'CGTTACCAACTGTATC'),(3776,'CGTTACCAAGGTAAGG'),(3779,'CGTTACCAAGGTCGCA'),(3919,'CGTTACCAATACCTGT'),(3771,'CGTTACCACATGATCG'),(3921,'CGTTACCACCATTGTT'),(3920,'CGTTACCACCTTACCT'),(3915,'CGTTACCACGATCATG'),(3770,'CGTTACCACGCGCGGT'),(3772,'CGTTACCACGTTACCA'),(3912,'CGTTACCACTCTACTT'),(3922,'CGTTACCAGATACAGT'),(3913,'CGTTACCAGATCGTGT'),(3773,'CGTTACCATCCTTGGT'),(3923,'CGTTACCATGCGACCT'),(3916,'CGTTACCATGGTAACG'),(852,'CGTTTGAT'),(795,'CTAAACGG'),(249,'CTAAATG'),(587,'CTAAGACC'),(1172,'CTAAGCCT'),(420,'CTAAGGTC'),(818,'CTAAGTTT'),(1187,'CTAATCGA'),(638,'CTACATCC'),(1188,'CTAGAACA'),(998,'CTAGACCT'),(1083,'CTAGCA'),(858,'CTAGCGAG'),(159,'CTAGCT'),(540,'CTAGCTA'),(3148,'CTAGCTAAGGTTCA'),(3149,'CTAGCTACTTAGCA'),(3150,'CTAGCTAGAGAACA'),(654,'CTAGCTCA'),(2768,'CTAGCTCTAATCGA'),(2769,'CTAGCTCTAGAACA'),(3154,'CTAGCTGGAACTTA'),(3151,'CTAGCTGTGTCTTA'),(2767,'CTAGCTTAAGACAC'),(2770,'CTAGCTTAAGTTCC'),(2771,'CTAGCTTAGACCTA'),(3155,'CTAGCTTAGGTCTA'),(3152,'CTAGCTTCGATTAG'),(2764,'CTAGCTTGAACCTT'),(2765,'CTAGCTTGCTAAGT'),(3153,'CTAGCTTGTTCTAG'),(2766,'CTAGCTTGTTCTCT'),(321,'CTAGGGGG'),(309,'CTAGGGGGACTGAAA'),(703,'CTAGGTGA'),(1155,'CTAGTACG'),(4052,'CTAGTACGAAGGAGTA'),(4061,'CTAGTACGAAGGCTAT'),(4290,'CTAGTACGACTCTAGG'),(4051,'CTAGTACGACTGCATA'),(4281,'CTAGTACGAGAGGATA'),(4289,'CTAGTACGAGCTAGAA'),(4285,'CTAGTACGAGGCTTAG'),(4280,'CTAGTACGATAGAGAG'),(4293,'CTAGTACGATAGCCTT'),(4286,'CTAGTACGATTAGACG'),(4058,'CTAGTACGCCTAGAGT'),(4064,'CTAGTACGCGACTAGC'),(4287,'CTAGTACGCGGAGAGA'),(4054,'CTAGTACGCGTCTAAT'),(4053,'CTAGTACGCTAAGCCT'),(4288,'CTAGTACGCTAGTCGA'),(4060,'CTAGTACGCTATTAAG'),(4282,'CTAGTACGCTCCTTAC'),(4048,'CTAGTACGCTCTCTAT'),(4292,'CTAGTACGCTTAATAG'),(4062,'CTAGTACGGAGCCTTA'),(4067,'CTAGTACGGAGCTAGA'),(4059,'CTAGTACGGCGTAAGA'),(4066,'CTAGTACGGCTAGTCG'),(4050,'CTAGTACGGTAAGGAG'),(4294,'CTAGTACGTAAGGCTC'),(4284,'CTAGTACGTACTCCTT'),(4049,'CTAGTACGTATCCTCT'),(4283,'CTAGTACGTATGCAGT'),(4056,'CTAGTACGTCGACTAG'),(4295,'CTAGTACGTCGCATAA'),(4065,'CTAGTACGTCTAGCTC'),(4055,'CTAGTACGTCTCTCCG'),(4291,'CTAGTACGTCTTACGC'),(4063,'CTAGTACGTTATGCGA'),(4057,'CTAGTACGTTCTAGCT'),(507,'CTAGTC'),(1206,'CTAGTCGA'),(160,'CTATAC'),(541,'CTATACA'),(3156,'CTATACAAGGTTCA'),(3157,'CTATACACTTAGCA'),(3158,'CTATACAGAGAACA'),(2776,'CTATACCTAATCGA'),(2777,'CTATACCTAGAACA'),(3162,'CTATACGGAACTTA'),(3159,'CTATACGTGTCTTA'),(2775,'CTATACTAAGACAC'),(2778,'CTATACTAAGTTCC'),(2779,'CTATACTAGACCTA'),(3163,'CTATACTAGGTCTA'),(3160,'CTATACTCGATTAG'),(2772,'CTATACTGAACCTT'),(2773,'CTATACTGCTAAGT'),(3161,'CTATACTGTTCTAG'),(2774,'CTATACTGTTCTCT'),(1053,'CTATAGTG'),(589,'CTATCCAC'),(1179,'CTATTAAG'),(186,'CTATTCAA'),(417,'CTCAATGA'),(250,'CTCACCG'),(161,'CTCAGA'),(542,'CTCAGAA'),(3164,'CTCAGAAAGGTTCA'),(3165,'CTCAGAACTTAGCA'),(3166,'CTCAGAAGAGAACA'),(2784,'CTCAGACTAATCGA'),(2785,'CTCAGACTAGAACA'),(3170,'CTCAGAGGAACTTA'),(3167,'CTCAGAGTGTCTTA'),(2783,'CTCAGATAAGACAC'),(2786,'CTCAGATAAGTTCC'),(2787,'CTCAGATAGACCTA'),(3171,'CTCAGATAGGTCTA'),(3168,'CTCAGATCGATTAG'),(2780,'CTCAGATGAACCTT'),(2781,'CTCAGATGCTAAGT'),(3169,'CTCAGATGTTCTAG'),(2782,'CTCAGATGTTCTCT'),(519,'CTCATA'),(1134,'CTCATATT'),(640,'CTCCAATC'),(473,'CTCCAT'),(573,'CTCCTAGT'),(1031,'CTCCTCTA'),(1199,'CTCCTTAC'),(872,'CTCGAAAT'),(658,'CTCGAACA'),(642,'CTCGACTT'),(1040,'CTCGCGTA'),(251,'CTCGCTG'),(739,'CTCGTCAC'),(115,'CTCTAC'),(1229,'CTCTACTT'),(631,'CTCTCAGA'),(458,'CTCTCG'),(31,'CTCTCTAC'),(1300,'CTCTCTACAAGGAGTA'),(1516,'CTCTCTACAAGGCTAT'),(1828,'CTCTCTACACTCTAGG'),(1299,'CTCTCTACACTGCATA'),(1404,'CTCTCTACAGAGGATA'),(1297,'CTCTCTACAGAGTAGA'),(1827,'CTCTCTACAGCTAGAA'),(1409,'CTCTCTACAGGCTTAG'),(1403,'CTCTCTACATAGAGAG'),(1830,'CTCTCTACATAGCCTT'),(1824,'CTCTCTACATTAGACG'),(1514,'CTCTCTACCCTAGAGT'),(1825,'CTCTCTACCGGAGAGA'),(1510,'CTCTCTACCGTCTAAT'),(1301,'CTCTCTACCTAAGCCT'),(1826,'CTCTCTACCTAGTCGA'),(1515,'CTCTCTACCTATTAAG'),(1406,'CTCTCTACCTCCTTAC'),(1295,'CTCTCTACCTCTCTAT'),(1829,'CTCTCTACCTTAATAG'),(1517,'CTCTCTACGAGCCTTA'),(1402,'CTCTCTACGCGATCTA'),(1302,'CTCTCTACGCGTAAGA'),(1298,'CTCTCTACGTAAGGAG'),(1831,'CTCTCTACTAAGGCTC'),(1408,'CTCTCTACTACTCCTT'),(1294,'CTCTCTACTAGATCGC'),(1296,'CTCTCTACTATCCTCT'),(1407,'CTCTCTACTATGCAGT'),(1512,'CTCTCTACTCGACTAG'),(1832,'CTCTCTACTCGCATAA'),(1405,'CTCTCTACTCTACTCT'),(1511,'CTCTCTACTCTCTCCG'),(1410,'CTCTCTACTCTTACGC'),(1518,'CTCTCTACTTATGCGA'),(1513,'CTCTCTACTTCTAGCT'),(1166,'CTCTCTAT'),(69,'CTGAAGCT'),(3321,'CTGAAGCTAACAATGG'),(3318,'CTGAAGCTAACGCATT'),(3312,'CTGAAGCTAAGTAGAG'),(3558,'CTGAAGCTAATGCGTT'),(3313,'CTGAAGCTACACGATC'),(3319,'CTGAAGCTACAGGTAT'),(3557,'CTGAAGCTACCAAGGA'),(3554,'CTGAAGCTACCGCGCG'),(2426,'CTGAAGCTACGTCCTG'),(3322,'CTGAAGCTACTGTATC'),(2422,'CTGAAGCTAGGATAGG'),(2328,'CTGAAGCTAGGCGAAG'),(2420,'CTGAAGCTAGGCTATA'),(3320,'CTGAAGCTAGGTAAGG'),(3323,'CTGAAGCTAGGTCGCA'),(3559,'CTGAAGCTATACCTGT'),(2325,'CTGAAGCTATAGAGGC'),(2330,'CTGAAGCTCAGGACGT'),(3315,'CTGAAGCTCATGATCG'),(3561,'CTGAAGCTCCATTGTT'),(2326,'CTGAAGCTCCTATCCT'),(3560,'CTGAAGCTCCTTACCT'),(3555,'CTGAAGCTCGATCATG'),(3314,'CTGAAGCTCGCGCGGT'),(3316,'CTGAAGCTCGTTACCA'),(3552,'CTGAAGCTCTCTACTT'),(2424,'CTGAAGCTCTTCGCCT'),(3562,'CTGAAGCTGATACAGT'),(3553,'CTGAAGCTGATCGTGT'),(2421,'CTGAAGCTGCCTCTAT'),(2327,'CTGAAGCTGGCTCTGA'),(2331,'CTGAAGCTGTACTGAC'),(2427,'CTGAAGCTGTCAGTAC'),(2425,'CTGAAGCTTAAGATTA'),(2329,'CTGAAGCTTAATCTTA'),(2324,'CTGAAGCTTATAGCCT'),(2423,'CTGAAGCTTCAGAGCC'),(3317,'CTGAAGCTTCCTTGGT'),(3563,'CTGAAGCTTGCGACCT'),(3556,'CTGAAGCTTGGTAACG'),(776,'CTGACGCG'),(1079,'CTGACT'),(637,'CTGACTAC'),(910,'CTGACTGA'),(409,'CTGAGCCA'),(107,'CTGATC'),(1002,'CTGCAAGC'),(896,'CTGCGATG'),(752,'CTGCGGCT'),(907,'CTGGACTC'),(367,'CTGGCATA'),(1127,'CTGGGCGC'),(719,'CTGTAACT'),(378,'CTGTAGCC'),(252,'CTGTCGT'),(253,'CTTAAGG'),(1209,'CTTAATAG'),(295,'CTTATC'),(254,'CTTATCC'),(1017,'CTTATGAG'),(621,'CTTCCTTC'),(144,'CTTCGA'),(1225,'CTTCGCCT'),(1107,'CTTGCTCT'),(842,'CTTGGTAC'),(86,'CTTGTA'),(526,'CTTGTAA'),(2940,'CTTGTAAAGGTTCA'),(2941,'CTTGTAACTTAGCA'),(2942,'CTTGTAAGAGAACA'),(12,'CTTGTAAT'),(674,'CTTGTACT'),(2560,'CTTGTACTAATCGA'),(2561,'CTTGTACTAGAACA'),(2946,'CTTGTAGGAACTTA'),(2943,'CTTGTAGTGTCTTA'),(2559,'CTTGTATAAGACAC'),(2562,'CTTGTATAAGTTCC'),(2563,'CTTGTATAGACCTA'),(2947,'CTTGTATAGGTCTA'),(2944,'CTTGTATCGATTAG'),(2556,'CTTGTATGAACCTT'),(2557,'CTTGTATGCTAAGT'),(2945,'CTTGTATGTTCTAG'),(2558,'CTTGTATGTTCTCT'),(745,'CTTTGCGG'),(125,'CTTTTG'),(59,'GAAACCCA'),(2244,'GAAACCCAAAGGTTCA'),(2245,'GAAACCCAACTTAGCA'),(2246,'GAAACCCAAGAGAACA'),(2152,'GAAACCCACTAATCGA'),(2153,'GAAACCCACTAGAACA'),(2250,'GAAACCCAGGAACTTA'),(2247,'GAAACCCAGTGTCTTA'),(2151,'GAAACCCATAAGACAC'),(2154,'GAAACCCATAAGTTCC'),(2155,'GAAACCCATAGACCTA'),(2251,'GAAACCCATAGGTCTA'),(2248,'GAAACCCATCGATTAG'),(2148,'GAAACCCATGAACCTT'),(2149,'GAAACCCATGCTAAGT'),(2249,'GAAACCCATGTTCTAG'),(2150,'GAAACCCATGTTCTCT'),(708,'GAAACCCT'),(843,'GAAAGGGT'),(676,'GAAATGCC'),(394,'GAACAGGC'),(442,'GAACCT'),(588,'GAACCTTC'),(618,'GAAGACTG'),(985,'GAAGGAAC'),(1022,'GAAGGCTG'),(489,'GAAGTG'),(255,'GAATAGA'),(1066,'GAATCCGC'),(346,'GAATCTGA'),(142,'GAATGA'),(1133,'GAATGAGT'),(603,'GAATGGCA'),(1044,'GAATTCCA'),(68,'GAATTCGT'),(3309,'GAATTCGTAACAATGG'),(3306,'GAATTCGTAACGCATT'),(3300,'GAATTCGTAAGTAGAG'),(3546,'GAATTCGTAATGCGTT'),(3301,'GAATTCGTACACGATC'),(3307,'GAATTCGTACAGGTAT'),(3545,'GAATTCGTACCAAGGA'),(3542,'GAATTCGTACCGCGCG'),(2418,'GAATTCGTACGTCCTG'),(3310,'GAATTCGTACTGTATC'),(2414,'GAATTCGTAGGATAGG'),(2320,'GAATTCGTAGGCGAAG'),(2412,'GAATTCGTAGGCTATA'),(3308,'GAATTCGTAGGTAAGG'),(3311,'GAATTCGTAGGTCGCA'),(3547,'GAATTCGTATACCTGT'),(2317,'GAATTCGTATAGAGGC'),(2322,'GAATTCGTCAGGACGT'),(3303,'GAATTCGTCATGATCG'),(3549,'GAATTCGTCCATTGTT'),(2318,'GAATTCGTCCTATCCT'),(3548,'GAATTCGTCCTTACCT'),(3543,'GAATTCGTCGATCATG'),(3302,'GAATTCGTCGCGCGGT'),(3304,'GAATTCGTCGTTACCA'),(3540,'GAATTCGTCTCTACTT'),(2416,'GAATTCGTCTTCGCCT'),(3550,'GAATTCGTGATACAGT'),(3541,'GAATTCGTGATCGTGT'),(2413,'GAATTCGTGCCTCTAT'),(2319,'GAATTCGTGGCTCTGA'),(2323,'GAATTCGTGTACTGAC'),(2419,'GAATTCGTGTCAGTAC'),(2417,'GAATTCGTTAAGATTA'),(2321,'GAATTCGTTAATCTTA'),(2316,'GAATTCGTTATAGCCT'),(2415,'GAATTCGTTCAGAGCC'),(3305,'GAATTCGTTCCTTGGT'),(3551,'GAATTCGTTGCGACCT'),(3544,'GAATTCGTTGGTAACG'),(256,'GAATTCT'),(794,'GACAGCAT'),(1113,'GACAGGGC'),(406,'GACAGTGC'),(477,'GACATC'),(1140,'GACATCGA'),(583,'GACATCTC'),(1003,'GACCCTAC'),(859,'GACCTATT'),(162,'GACGAC'),(543,'GACGACA'),(3172,'GACGACAAGGTTCA'),(3173,'GACGACACTTAGCA'),(3174,'GACGACAGAGAACA'),(2792,'GACGACCTAATCGA'),(2793,'GACGACCTAGAACA'),(3178,'GACGACGGAACTTA'),(3175,'GACGACGTGTCTTA'),(2791,'GACGACTAAGACAC'),(2794,'GACGACTAAGTTCC'),(2795,'GACGACTAGACCTA'),(3179,'GACGACTAGGTCTA'),(3176,'GACGACTCGATTAG'),(2788,'GACGACTGAACCTT'),(2789,'GACGACTGCTAAGT'),(3177,'GACGACTGTTCTAG'),(2790,'GACGACTGTTCTCT'),(467,'GACGAT'),(180,'GACGCTAT'),(257,'GACTAAT'),(597,'GACTACGA'),(763,'GACTACGT'),(385,'GACTAGTA'),(847,'GACTCAAA'),(1082,'GACTGA'),(1151,'GACTGTAT'),(696,'GACTTAGT'),(312,'GACTTTCA'),(300,'GACTTTCAAAATGTC'),(828,'GAGACTAT'),(1114,'GAGAGATC'),(315,'GAGAGCTC'),(303,'GAGAGCTCAAAGCTT'),(810,'GAGATGAC'),(66,'GAGATTCC'),(3285,'GAGATTCCAACAATGG'),(3282,'GAGATTCCAACGCATT'),(3276,'GAGATTCCAAGTAGAG'),(3522,'GAGATTCCAATGCGTT'),(3277,'GAGATTCCACACGATC'),(3283,'GAGATTCCACAGGTAT'),(3521,'GAGATTCCACCAAGGA'),(3518,'GAGATTCCACCGCGCG'),(2402,'GAGATTCCACGTCCTG'),(3286,'GAGATTCCACTGTATC'),(2398,'GAGATTCCAGGATAGG'),(2304,'GAGATTCCAGGCGAAG'),(2396,'GAGATTCCAGGCTATA'),(3284,'GAGATTCCAGGTAAGG'),(3287,'GAGATTCCAGGTCGCA'),(3523,'GAGATTCCATACCTGT'),(2301,'GAGATTCCATAGAGGC'),(2306,'GAGATTCCCAGGACGT'),(3279,'GAGATTCCCATGATCG'),(3525,'GAGATTCCCCATTGTT'),(2302,'GAGATTCCCCTATCCT'),(3524,'GAGATTCCCCTTACCT'),(3519,'GAGATTCCCGATCATG'),(3278,'GAGATTCCCGCGCGGT'),(3280,'GAGATTCCCGTTACCA'),(3516,'GAGATTCCCTCTACTT'),(2400,'GAGATTCCCTTCGCCT'),(3526,'GAGATTCCGATACAGT'),(3517,'GAGATTCCGATCGTGT'),(2397,'GAGATTCCGCCTCTAT'),(2303,'GAGATTCCGGCTCTGA'),(2307,'GAGATTCCGTACTGAC'),(2403,'GAGATTCCGTCAGTAC'),(2401,'GAGATTCCTAAGATTA'),(2305,'GAGATTCCTAATCTTA'),(2300,'GAGATTCCTATAGCCT'),(2399,'GAGATTCCTCAGAGCC'),(3281,'GAGATTCCTCCTTGGT'),(3527,'GAGATTCCTGCGACCT'),(3520,'GAGATTCCTGGTAACG'),(775,'GAGCAAGA'),(1038,'GAGCACCG'),(693,'GAGCACGT'),(1181,'GAGCCTTA'),(1194,'GAGCTAGA'),(347,'GAGCTGAA'),(733,'GAGGATCT'),(192,'GAGGGGTT'),(476,'GAGTCC'),(334,'GAGTCGGT'),(327,'GAGTCGGTAATAAAC'),(96,'GAGTGG'),(569,'GAGTGGA'),(3028,'GAGTGGAAGGTTCA'),(3029,'GAGTGGACTTAGCA'),(3030,'GAGTGGAGAGAACA'),(22,'GAGTGGAT'),(2648,'GAGTGGCTAATCGA'),(2649,'GAGTGGCTAGAACA'),(3034,'GAGTGGGGAACTTA'),(3031,'GAGTGGGTGTCTTA'),(2647,'GAGTGGTAAGACAC'),(2650,'GAGTGGTAAGTTCC'),(2651,'GAGTGGTAGACCTA'),(3035,'GAGTGGTAGGTCTA'),(3032,'GAGTGGTCGATTAG'),(2644,'GAGTGGTGAACCTT'),(2645,'GAGTGGTGCTAAGT'),(3033,'GAGTGGTGTTCTAG'),(2646,'GAGTGGTGTTCTCT'),(366,'GAGTTAGC'),(853,'GAGTTAGT'),(1238,'GATACAGT'),(988,'GATACGCC'),(386,'GATAGACA'),(446,'GATCAC'),(83,'GATCAG'),(559,'GATCAGA'),(2916,'GATCAGAAGGTTCA'),(2917,'GATCAGACTTAGCA'),(2918,'GATCAGAGAGAACA'),(9,'GATCAGAT'),(835,'GATCAGCA'),(2536,'GATCAGCTAATCGA'),(2537,'GATCAGCTAGAACA'),(2922,'GATCAGGGAACTTA'),(2919,'GATCAGGTGTCTTA'),(2535,'GATCAGTAAGACAC'),(2538,'GATCAGTAAGTTCC'),(2539,'GATCAGTAGACCTA'),(2923,'GATCAGTAGGTCTA'),(2920,'GATCAGTCGATTAG'),(2532,'GATCAGTGAACCTT'),(2533,'GATCAGTGCTAAGT'),(2921,'GATCAGTGTTCTAG'),(2534,'GATCAGTGTTCTCT'),(1086,'GATCGT'),(1230,'GATCGTGT'),(866,'GATCTCAG'),(1110,'GATCTCAT'),(105,'GATCTG'),(950,'GATCTTGA'),(405,'GATGAATC'),(1033,'GATGCCAA'),(170,'GATGCT'),(3238,'GATGCTAAGGTTCA'),(3239,'GATGCTACTTAGCA'),(3236,'GATGCTTGAACCTT'),(3237,'GATGCTTGCTAAGT'),(839,'GATGTGGT'),(331,'GATGTTAG'),(324,'GATGTTAGAACGGCG'),(816,'GATTAGAT'),(881,'GATTCTGG'),(258,'GATTGAG'),(439,'GATTGT'),(742,'GCAACAAA'),(259,'GCAAGCT'),(746,'GCACAATG'),(656,'GCACACAA'),(481,'GCAGCC'),(891,'GCAGTAGA'),(1029,'GCAGTTCT'),(706,'GCATCTCC'),(287,'GCATGA'),(1089,'GCATGC'),(500,'GCATGG'),(918,'GCATTCGG'),(375,'GCCAAGAC'),(80,'GCCAAT'),(556,'GCCAATA'),(2892,'GCCAATAAGGTTCA'),(2893,'GCCAATACTTAGCA'),(2894,'GCCAATAGAGAACA'),(6,'GCCAATAT'),(2512,'GCCAATCTAATCGA'),(2513,'GCCAATCTAGAACA'),(2898,'GCCAATGGAACTTA'),(672,'GCCAATGT'),(2895,'GCCAATGTGTCTTA'),(2511,'GCCAATTAAGACAC'),(2514,'GCCAATTAAGTTCC'),(2515,'GCCAATTAGACCTA'),(2899,'GCCAATTAGGTCTA'),(2896,'GCCAATTCGATTAG'),(2508,'GCCAATTGAACCTT'),(2509,'GCCAATTGCTAAGT'),(2897,'GCCAATTGTTCTAG'),(2510,'GCCAATTGTTCTCT'),(441,'GCCACA'),(348,'GCCACATA'),(812,'GCCACGCT'),(581,'GCCAGAAT'),(131,'GCCATG'),(786,'GCCATTCC'),(260,'GCCCTAC'),(973,'GCCGAGAT'),(101,'GCCTAA'),(1222,'GCCTCTAT'),(580,'GCCTTAAC'),(813,'GCCTTGGT'),(261,'GCGAAGG'),(491,'GCGAAT'),(1108,'GCGACGAT'),(769,'GCGAGAGT'),(387,'GCGAGTAA'),(1195,'GCGATCTA'),(774,'GCGATGTG'),(731,'GCGCAGAA'),(668,'GCGCTA'),(455,'GCGCTG'),(116,'GCGGAC'),(1065,'GCGGATAG'),(1173,'GCGTAAGA'),(1011,'GCGTACAC'),(41,'GCGTAGTA'),(1614,'GCGTAGTAAAGGAGTA'),(1623,'GCGTAGTAAAGGCTAT'),(1934,'GCGTAGTAACTCTAGG'),(1613,'GCGTAGTAACTGCATA'),(1925,'GCGTAGTAAGAGGATA'),(1933,'GCGTAGTAAGCTAGAA'),(1929,'GCGTAGTAAGGCTTAG'),(1924,'GCGTAGTAATAGAGAG'),(1937,'GCGTAGTAATAGCCTT'),(1930,'GCGTAGTAATTAGACG'),(1620,'GCGTAGTACCTAGAGT'),(1931,'GCGTAGTACGGAGAGA'),(1616,'GCGTAGTACGTCTAAT'),(1615,'GCGTAGTACTAAGCCT'),(1932,'GCGTAGTACTAGTCGA'),(1622,'GCGTAGTACTATTAAG'),(1926,'GCGTAGTACTCCTTAC'),(1610,'GCGTAGTACTCTCTAT'),(1936,'GCGTAGTACTTAATAG'),(1624,'GCGTAGTAGAGCCTTA'),(1621,'GCGTAGTAGCGTAAGA'),(1612,'GCGTAGTAGTAAGGAG'),(1938,'GCGTAGTATAAGGCTC'),(1928,'GCGTAGTATACTCCTT'),(1611,'GCGTAGTATATCCTCT'),(1927,'GCGTAGTATATGCAGT'),(1618,'GCGTAGTATCGACTAG'),(1939,'GCGTAGTATCGCATAA'),(1617,'GCGTAGTATCTCTCCG'),(1935,'GCGTAGTATCTTACGC'),(1625,'GCGTAGTATTATGCGA'),(1619,'GCGTAGTATTCTAGCT'),(349,'GCTAACGA'),(616,'GCTACAAC'),(262,'GCTACAG'),(121,'GCTACC'),(814,'GCTACCTG'),(33,'GCTACGCT'),(1318,'GCTACGCTAAGGAGTA'),(1317,'GCTACGCTACTGCATA'),(1422,'GCTACGCTAGAGGATA'),(1315,'GCTACGCTAGAGTAGA'),(1427,'GCTACGCTAGGCTTAG'),(1421,'GCTACGCTATAGAGAG'),(1319,'GCTACGCTCTAAGCCT'),(1424,'GCTACGCTCTCCTTAC'),(1313,'GCTACGCTCTCTCTAT'),(1420,'GCTACGCTGCGATCTA'),(1320,'GCTACGCTGCGTAAGA'),(1316,'GCTACGCTGTAAGGAG'),(1426,'GCTACGCTTACTCCTT'),(1312,'GCTACGCTTAGATCGC'),(1314,'GCTACGCTTATCCTCT'),(1425,'GCTACGCTTATGCAGT'),(1423,'GCTACGCTTCTACTCT'),(1428,'GCTACGCTTCTTACGC'),(865,'GCTACTGA'),(1193,'GCTAGTCG'),(884,'GCTCAACC'),(1156,'GCTCAGGA'),(4072,'GCTCAGGAAAGGAGTA'),(4081,'GCTCAGGAAAGGCTAT'),(4306,'GCTCAGGAACTCTAGG'),(4071,'GCTCAGGAACTGCATA'),(4297,'GCTCAGGAAGAGGATA'),(4305,'GCTCAGGAAGCTAGAA'),(4301,'GCTCAGGAAGGCTTAG'),(4296,'GCTCAGGAATAGAGAG'),(4309,'GCTCAGGAATAGCCTT'),(4302,'GCTCAGGAATTAGACG'),(4078,'GCTCAGGACCTAGAGT'),(4084,'GCTCAGGACGACTAGC'),(4303,'GCTCAGGACGGAGAGA'),(4074,'GCTCAGGACGTCTAAT'),(4073,'GCTCAGGACTAAGCCT'),(4304,'GCTCAGGACTAGTCGA'),(4080,'GCTCAGGACTATTAAG'),(4298,'GCTCAGGACTCCTTAC'),(4068,'GCTCAGGACTCTCTAT'),(4308,'GCTCAGGACTTAATAG'),(4082,'GCTCAGGAGAGCCTTA'),(4087,'GCTCAGGAGAGCTAGA'),(4079,'GCTCAGGAGCGTAAGA'),(4086,'GCTCAGGAGCTAGTCG'),(4070,'GCTCAGGAGTAAGGAG'),(4310,'GCTCAGGATAAGGCTC'),(4300,'GCTCAGGATACTCCTT'),(4069,'GCTCAGGATATCCTCT'),(4299,'GCTCAGGATATGCAGT'),(4076,'GCTCAGGATCGACTAG'),(4311,'GCTCAGGATCGCATAA'),(4085,'GCTCAGGATCTAGCTC'),(4075,'GCTCAGGATCTCTCCG'),(4307,'GCTCAGGATCTTACGC'),(4083,'GCTCAGGATTATGCGA'),(4077,'GCTCAGGATTCTAGCT'),(655,'GCTCAGTT'),(123,'GCTCAT'),(37,'GCTCATGA'),(1550,'GCTCATGAAAGGAGTA'),(1559,'GCTCATGAAAGGCTAT'),(1870,'GCTCATGAACTCTAGG'),(1549,'GCTCATGAACTGCATA'),(1861,'GCTCATGAAGAGGATA'),(1869,'GCTCATGAAGCTAGAA'),(1865,'GCTCATGAAGGCTTAG'),(1860,'GCTCATGAATAGAGAG'),(1873,'GCTCATGAATAGCCTT'),(1866,'GCTCATGAATTAGACG'),(1556,'GCTCATGACCTAGAGT'),(1867,'GCTCATGACGGAGAGA'),(1552,'GCTCATGACGTCTAAT'),(1551,'GCTCATGACTAAGCCT'),(1868,'GCTCATGACTAGTCGA'),(1558,'GCTCATGACTATTAAG'),(1862,'GCTCATGACTCCTTAC'),(1546,'GCTCATGACTCTCTAT'),(1872,'GCTCATGACTTAATAG'),(1560,'GCTCATGAGAGCCTTA'),(1557,'GCTCATGAGCGTAAGA'),(1548,'GCTCATGAGTAAGGAG'),(1874,'GCTCATGATAAGGCTC'),(1864,'GCTCATGATACTCCTT'),(1547,'GCTCATGATATCCTCT'),(1863,'GCTCATGATATGCAGT'),(1554,'GCTCATGATCGACTAG'),(1875,'GCTCATGATCGCATAA'),(1553,'GCTCATGATCTCTCCG'),(1871,'GCTCATGATCTTACGC'),(1561,'GCTCATGATTATGCGA'),(1555,'GCTCATGATTCTAGCT'),(487,'GCTCGA'),(388,'GCTCGGTA'),(831,'GCTGAATT'),(289,'GCTGCG'),(263,'GCTGGGT'),(140,'GCTGTA'),(800,'GCTGTCCA'),(768,'GCTTGGCT'),(1118,'GGAAAGGC'),(112,'GGAACT'),(1219,'GGAACTTA'),(968,'GGAATGTC'),(902,'GGACACGT'),(114,'GGACGG'),(29,'GGACTCCT'),(1282,'GGACTCCTAAGGAGTA'),(1498,'GGACTCCTAAGGCTAT'),(1810,'GGACTCCTACTCTAGG'),(1281,'GGACTCCTACTGCATA'),(1386,'GGACTCCTAGAGGATA'),(1279,'GGACTCCTAGAGTAGA'),(1809,'GGACTCCTAGCTAGAA'),(1391,'GGACTCCTAGGCTTAG'),(1385,'GGACTCCTATAGAGAG'),(1812,'GGACTCCTATAGCCTT'),(1806,'GGACTCCTATTAGACG'),(1496,'GGACTCCTCCTAGAGT'),(1807,'GGACTCCTCGGAGAGA'),(1492,'GGACTCCTCGTCTAAT'),(1283,'GGACTCCTCTAAGCCT'),(1808,'GGACTCCTCTAGTCGA'),(1497,'GGACTCCTCTATTAAG'),(1388,'GGACTCCTCTCCTTAC'),(1277,'GGACTCCTCTCTCTAT'),(1811,'GGACTCCTCTTAATAG'),(1499,'GGACTCCTGAGCCTTA'),(1384,'GGACTCCTGCGATCTA'),(1284,'GGACTCCTGCGTAAGA'),(1280,'GGACTCCTGTAAGGAG'),(1813,'GGACTCCTTAAGGCTC'),(1390,'GGACTCCTTACTCCTT'),(1276,'GGACTCCTTAGATCGC'),(1278,'GGACTCCTTATCCTCT'),(1389,'GGACTCCTTATGCAGT'),(1494,'GGACTCCTTCGACTAG'),(1814,'GGACTCCTTCGCATAA'),(1387,'GGACTCCTTCTACTCT'),(1493,'GGACTCCTTCTCTCCG'),(1392,'GGACTCCTTCTTACGC'),(1500,'GGACTCCTTTATGCGA'),(1495,'GGACTCCTTTCTAGCT'),(1121,'GGACTCTG'),(350,'GGAGAACA'),(1008,'GGAGAGAG'),(264,'GGAGAGC'),(265,'GGAGCGG'),(40,'GGAGCTAC'),(1598,'GGAGCTACAAGGAGTA'),(1607,'GGAGCTACAAGGCTAT'),(1918,'GGAGCTACACTCTAGG'),(1597,'GGAGCTACACTGCATA'),(1909,'GGAGCTACAGAGGATA'),(1917,'GGAGCTACAGCTAGAA'),(1913,'GGAGCTACAGGCTTAG'),(1908,'GGAGCTACATAGAGAG'),(1921,'GGAGCTACATAGCCTT'),(1914,'GGAGCTACATTAGACG'),(1604,'GGAGCTACCCTAGAGT'),(1915,'GGAGCTACCGGAGAGA'),(1600,'GGAGCTACCGTCTAAT'),(1599,'GGAGCTACCTAAGCCT'),(1916,'GGAGCTACCTAGTCGA'),(1606,'GGAGCTACCTATTAAG'),(1910,'GGAGCTACCTCCTTAC'),(1594,'GGAGCTACCTCTCTAT'),(1920,'GGAGCTACCTTAATAG'),(1608,'GGAGCTACGAGCCTTA'),(1605,'GGAGCTACGCGTAAGA'),(1596,'GGAGCTACGTAAGGAG'),(1922,'GGAGCTACTAAGGCTC'),(1912,'GGAGCTACTACTCCTT'),(1595,'GGAGCTACTATCCTCT'),(1911,'GGAGCTACTATGCAGT'),(1602,'GGAGCTACTCGACTAG'),(1923,'GGAGCTACTCGCATAA'),(1601,'GGAGCTACTCTCTCCG'),(1919,'GGAGCTACTCTTACGC'),(1609,'GGAGCTACTTATGCGA'),(1603,'GGAGCTACTTCTAGCT'),(850,'GGAGGAGG'),(516,'GGAGGT'),(332,'GGATCCAC'),(325,'GGATCCACTTACTAT'),(987,'GGATGCCG'),(845,'GGATGGGC'),(1111,'GGATGTAC'),(1021,'GGCAATGG'),(518,'GGCCAA'),(118,'GGCCAC'),(793,'GGCGAGTA'),(294,'GGCGCA'),(1025,'GGCGTTAT'),(85,'GGCTAC'),(525,'GGCTACA'),(2932,'GGCTACAAGGTTCA'),(2933,'GGCTACACTTAGCA'),(2934,'GGCTACAGAGAACA'),(11,'GGCTACAT'),(2552,'GGCTACCTAATCGA'),(2553,'GGCTACCTAGAACA'),(2938,'GGCTACGGAACTTA'),(2935,'GGCTACGTGTCTTA'),(2551,'GGCTACTAAGACAC'),(2554,'GGCTACTAAGTTCC'),(2555,'GGCTACTAGACCTA'),(2939,'GGCTACTAGGTCTA'),(2936,'GGCTACTCGATTAG'),(2548,'GGCTACTGAACCTT'),(2549,'GGCTACTGCTAAGT'),(2937,'GGCTACTGTTCTAG'),(2550,'GGCTACTGTTCTCT'),(830,'GGCTAGCG'),(314,'GGCTAGGC'),(302,'GGCTAGGCCTCCTA'),(174,'GGCTCTGA'),(3429,'GGCTCTGAAACAATGG'),(3426,'GGCTCTGAAACGCATT'),(3420,'GGCTCTGAAAGTAGAG'),(3666,'GGCTCTGAAATGCGTT'),(3421,'GGCTCTGAACACGATC'),(3427,'GGCTCTGAACAGGTAT'),(3665,'GGCTCTGAACCAAGGA'),(3662,'GGCTCTGAACCGCGCG'),(3430,'GGCTCTGAACTGTATC'),(3428,'GGCTCTGAAGGTAAGG'),(3431,'GGCTCTGAAGGTCGCA'),(3667,'GGCTCTGAATACCTGT'),(3423,'GGCTCTGACATGATCG'),(3669,'GGCTCTGACCATTGTT'),(3668,'GGCTCTGACCTTACCT'),(3663,'GGCTCTGACGATCATG'),(3422,'GGCTCTGACGCGCGGT'),(3424,'GGCTCTGACGTTACCA'),(3660,'GGCTCTGACTCTACTT'),(3670,'GGCTCTGAGATACAGT'),(3661,'GGCTCTGAGATCGTGT'),(3425,'GGCTCTGATCCTTGGT'),(3671,'GGCTCTGATGCGACCT'),(3664,'GGCTCTGATGGTAACG'),(980,'GGCTGAAC'),(449,'GGCTGC'),(1062,'GGCTGTTG'),(1146,'GGGAAGCG'),(851,'GGGCAAAT'),(266,'GGGCGCG'),(1035,'GGGCTCTC'),(912,'GGGTCAAG'),(1007,'GGTAACGC'),(1129,'GGTAGATA'),(147,'GGTAGC'),(3036,'GGTAGCAAGGTTCA'),(3037,'GGTAGCACTTAGCA'),(3038,'GGTAGCAGAGAACA'),(2656,'GGTAGCCTAATCGA'),(2657,'GGTAGCCTAGAACA'),(3042,'GGTAGCGGAACTTA'),(3039,'GGTAGCGTGTCTTA'),(2655,'GGTAGCTAAGACAC'),(2658,'GGTAGCTAAGTTCC'),(2659,'GGTAGCTAGACCTA'),(3043,'GGTAGCTAGGTCTA'),(3040,'GGTAGCTCGATTAG'),(2652,'GGTAGCTGAACCTT'),(2653,'GGTAGCTGCTAAGT'),(3041,'GGTAGCTGTTCTAG'),(2654,'GGTAGCTGTTCTCT'),(521,'GGTATA'),(777,'GGTATGCA'),(915,'GGTCAATA'),(680,'GGTCATTT'),(871,'GGTCGTAC'),(432,'GGTGAG'),(389,'GGTGCGAA'),(317,'GGTGCGTG'),(305,'GGTGCGTGCTACGAA'),(1094,'GGTT'),(832,'GGTTCCTC'),(699,'GGTTTACT'),(1169,'GTAAGGAG'),(711,'GTAATCTT'),(792,'GTAATTGC'),(574,'GTACACCT'),(605,'GTACCACA'),(351,'GTACGCAA'),(977,'GTACGCGG'),(1092,'GTACGG'),(178,'GTACTGAC'),(3477,'GTACTGACAACAATGG'),(3474,'GTACTGACAACGCATT'),(3468,'GTACTGACAAGTAGAG'),(3714,'GTACTGACAATGCGTT'),(3469,'GTACTGACACACGATC'),(3475,'GTACTGACACAGGTAT'),(3713,'GTACTGACACCAAGGA'),(3710,'GTACTGACACCGCGCG'),(3478,'GTACTGACACTGTATC'),(3476,'GTACTGACAGGTAAGG'),(3479,'GTACTGACAGGTCGCA'),(3715,'GTACTGACATACCTGT'),(3471,'GTACTGACCATGATCG'),(3717,'GTACTGACCCATTGTT'),(3716,'GTACTGACCCTTACCT'),(3711,'GTACTGACCGATCATG'),(3470,'GTACTGACCGCGCGGT'),(3472,'GTACTGACCGTTACCA'),(3708,'GTACTGACCTCTACTT'),(3718,'GTACTGACGATACAGT'),(3709,'GTACTGACGATCGTGT'),(3473,'GTACTGACTCCTTGGT'),(3719,'GTACTGACTGCGACCT'),(3712,'GTACTGACTGGTAACG'),(498,'GTAGAA'),(146,'GTAGAG'),(530,'GTAGAGA'),(2980,'GTAGAGAAGGTTCA'),(2981,'GTAGAGACTTAGCA'),(1159,'GTAGAGAG'),(4132,'GTAGAGAGAAGGAGTA'),(4141,'GTAGAGAGAAGGCTAT'),(4354,'GTAGAGAGACTCTAGG'),(4131,'GTAGAGAGACTGCATA'),(2982,'GTAGAGAGAGAACA'),(4345,'GTAGAGAGAGAGGATA'),(4353,'GTAGAGAGAGCTAGAA'),(4349,'GTAGAGAGAGGCTTAG'),(4344,'GTAGAGAGATAGAGAG'),(4357,'GTAGAGAGATAGCCTT'),(4350,'GTAGAGAGATTAGACG'),(4138,'GTAGAGAGCCTAGAGT'),(4144,'GTAGAGAGCGACTAGC'),(4351,'GTAGAGAGCGGAGAGA'),(4134,'GTAGAGAGCGTCTAAT'),(4133,'GTAGAGAGCTAAGCCT'),(4352,'GTAGAGAGCTAGTCGA'),(4140,'GTAGAGAGCTATTAAG'),(4346,'GTAGAGAGCTCCTTAC'),(4128,'GTAGAGAGCTCTCTAT'),(4356,'GTAGAGAGCTTAATAG'),(4142,'GTAGAGAGGAGCCTTA'),(4147,'GTAGAGAGGAGCTAGA'),(4139,'GTAGAGAGGCGTAAGA'),(4146,'GTAGAGAGGCTAGTCG'),(4130,'GTAGAGAGGTAAGGAG'),(4358,'GTAGAGAGTAAGGCTC'),(4348,'GTAGAGAGTACTCCTT'),(4129,'GTAGAGAGTATCCTCT'),(4347,'GTAGAGAGTATGCAGT'),(4136,'GTAGAGAGTCGACTAG'),(4359,'GTAGAGAGTCGCATAA'),(4145,'GTAGAGAGTCTAGCTC'),(4135,'GTAGAGAGTCTCTCCG'),(4355,'GTAGAGAGTCTTACGC'),(4143,'GTAGAGAGTTATGCGA'),(4137,'GTAGAGAGTTCTAGCT'),(2600,'GTAGAGCTAATCGA'),(2601,'GTAGAGCTAGAACA'),(36,'GTAGAGGA'),(1345,'GTAGAGGAAAGGAGTA'),(1543,'GTAGAGGAAAGGCTAT'),(1855,'GTAGAGGAACTCTAGG'),(1344,'GTAGAGGAACTGCATA'),(1449,'GTAGAGGAAGAGGATA'),(1342,'GTAGAGGAAGAGTAGA'),(1854,'GTAGAGGAAGCTAGAA'),(1454,'GTAGAGGAAGGCTTAG'),(1448,'GTAGAGGAATAGAGAG'),(1857,'GTAGAGGAATAGCCTT'),(1851,'GTAGAGGAATTAGACG'),(1541,'GTAGAGGACCTAGAGT'),(1852,'GTAGAGGACGGAGAGA'),(1537,'GTAGAGGACGTCTAAT'),(1346,'GTAGAGGACTAAGCCT'),(1853,'GTAGAGGACTAGTCGA'),(1542,'GTAGAGGACTATTAAG'),(1451,'GTAGAGGACTCCTTAC'),(1340,'GTAGAGGACTCTCTAT'),(1856,'GTAGAGGACTTAATAG'),(1544,'GTAGAGGAGAGCCTTA'),(1447,'GTAGAGGAGCGATCTA'),(1347,'GTAGAGGAGCGTAAGA'),(1343,'GTAGAGGAGTAAGGAG'),(1858,'GTAGAGGATAAGGCTC'),(1453,'GTAGAGGATACTCCTT'),(1339,'GTAGAGGATAGATCGC'),(1341,'GTAGAGGATATCCTCT'),(1452,'GTAGAGGATATGCAGT'),(1539,'GTAGAGGATCGACTAG'),(1859,'GTAGAGGATCGCATAA'),(1450,'GTAGAGGATCTACTCT'),(1538,'GTAGAGGATCTCTCCG'),(1455,'GTAGAGGATCTTACGC'),(1545,'GTAGAGGATTATGCGA'),(1540,'GTAGAGGATTCTAGCT'),(2986,'GTAGAGGGAACTTA'),(2983,'GTAGAGGTGTCTTA'),(2599,'GTAGAGTAAGACAC'),(2602,'GTAGAGTAAGTTCC'),(2603,'GTAGAGTAGACCTA'),(2987,'GTAGAGTAGGTCTA'),(2984,'GTAGAGTCGATTAG'),(2596,'GTAGAGTGAACCTT'),(2597,'GTAGAGTGCTAAGT'),(2985,'GTAGAGTGTTCTAG'),(2598,'GTAGAGTGTTCTCT'),(946,'GTAGCACA'),(109,'GTAGCC'),(297,'GTAGGA'),(267,'GTAGGAT'),(136,'GTATAG'),(848,'GTATATAG'),(268,'GTATGCC'),(1049,'GTATGCTC'),(783,'GTATGTCA'),(269,'GTCACCA'),(1064,'GTCAGCTA'),(474,'GTCAGG'),(1228,'GTCAGTAC'),(91,'GTCCGC'),(531,'GTCCGCA'),(2988,'GTCCGCAAGGTTCA'),(17,'GTCCGCAC'),(2989,'GTCCGCACTTAGCA'),(2990,'GTCCGCAGAGAACA'),(215,'GTCCGCAT'),(2608,'GTCCGCCTAATCGA'),(2609,'GTCCGCCTAGAACA'),(2994,'GTCCGCGGAACTTA'),(2991,'GTCCGCGTGTCTTA'),(2607,'GTCCGCTAAGACAC'),(2610,'GTCCGCTAAGTTCC'),(2611,'GTCCGCTAGACCTA'),(2995,'GTCCGCTAGGTCTA'),(2992,'GTCCGCTCGATTAG'),(2604,'GTCCGCTGAACCTT'),(2605,'GTCCGCTGCTAAGT'),(2993,'GTCCGCTGTTCTAG'),(2606,'GTCCGCTGTTCTCT'),(709,'GTCCGGTC'),(990,'GTCCTAAC'),(897,'GTCCTTCT'),(620,'GTCGAGAA'),(1056,'GTCGATGC'),(390,'GTCGTAGA'),(138,'GTCGTC'),(187,'GTCGTGAT'),(664,'GTCTCATC'),(806,'GTCTCCTT'),(729,'GTCTCTCG'),(418,'GTCTGTCA'),(92,'GTGAAA'),(532,'GTGAAAA'),(2996,'GTGAAAAAGGTTCA'),(2997,'GTGAAAACTTAGCA'),(2998,'GTGAAAAGAGAACA'),(216,'GTGAAAAT'),(565,'GTGAAAC'),(18,'GTGAAACG'),(2616,'GTGAAACTAATCGA'),(2617,'GTGAAACTAGAACA'),(3002,'GTGAAAGGAACTTA'),(2999,'GTGAAAGTGTCTTA'),(2615,'GTGAAATAAGACAC'),(2618,'GTGAAATAAGTTCC'),(2619,'GTGAAATAGACCTA'),(3003,'GTGAAATAGGTCTA'),(3000,'GTGAAATCGATTAG'),(2612,'GTGAAATGAACCTT'),(2613,'GTGAAATGCTAAGT'),(3001,'GTGAAATGTTCTAG'),(2614,'GTGAAATGTTCTCT'),(1050,'GTGACTTG'),(685,'GTGATAGC'),(649,'GTGATCCA'),(930,'GTGATCGA'),(451,'GTGCCA'),(1073,'GTGCCCGT'),(270,'GTGCGAG'),(185,'GTGCGTAA'),(962,'GTGGCAAT'),(93,'GTGGCC'),(533,'GTGGCCA'),(3004,'GTGGCCAAGGTTCA'),(3005,'GTGGCCACTTAGCA'),(3006,'GTGGCCAGAGAACA'),(217,'GTGGCCAT'),(2624,'GTGGCCCTAATCGA'),(2625,'GTGGCCCTAGAACA'),(3010,'GTGGCCGGAACTTA'),(3007,'GTGGCCGTGTCTTA'),(566,'GTGGCCT'),(2623,'GTGGCCTAAGACAC'),(2626,'GTGGCCTAAGTTCC'),(2627,'GTGGCCTAGACCTA'),(3011,'GTGGCCTAGGTCTA'),(3008,'GTGGCCTCGATTAG'),(2620,'GTGGCCTGAACCTT'),(2621,'GTGGCCTGCTAAGT'),(3009,'GTGGCCTGTTCTAG'),(2622,'GTGGCCTGTTCTCT'),(19,'GTGGCCTT'),(1135,'GTGGCTTC'),(1028,'GTGGGTGT'),(748,'GTGGTACC'),(509,'GTGTAG'),(713,'GTGTATTA'),(999,'GTGTCATC'),(857,'GTGTCGCT'),(1216,'GTGTCTTA'),(1010,'GTGTGGAG'),(194,'GTGTGGTG'),(426,'GTGTTCTA'),(691,'GTTAACAG'),(1125,'GTTAACGA'),(457,'GTTACC'),(862,'GTTCACTG'),(607,'GTTCCATG'),(721,'GTTCCTCA'),(730,'GTTGAGAA'),(759,'GTTGCAGC'),(1069,'GTTTATCT'),(94,'GTTTCG'),(3012,'GTTTCGAAGGTTCA'),(3013,'GTTTCGACTTAGCA'),(3014,'GTTTCGAGAGAACA'),(218,'GTTTCGAT'),(2632,'GTTTCGCTAATCGA'),(2633,'GTTTCGCTAGAACA'),(567,'GTTTCGG'),(20,'GTTTCGGA'),(3018,'GTTTCGGGAACTTA'),(3015,'GTTTCGGTGTCTTA'),(2631,'GTTTCGTAAGACAC'),(2634,'GTTTCGTAAGTTCC'),(2635,'GTTTCGTAGACCTA'),(3019,'GTTTCGTAGGTCTA'),(3016,'GTTTCGTCGATTAG'),(2628,'GTTTCGTGAACCTT'),(2629,'GTTTCGTGCTAAGT'),(3017,'GTTTCGTGTTCTAG'),(2630,'GTTTCGTGTTCTCT'),(1149,'TAAATTAC'),(736,'TAACAAGG'),(629,'TAACGTCG'),(271,'TAACGTT'),(1105,'TAACTTAT'),(1186,'TAAGACAC'),(1226,'TAAGATTA'),(272,'TAAGGAG'),(25,'TAAGGCGA'),(1246,'TAAGGCGAAAGGAGTA'),(1462,'TAAGGCGAAAGGCTAT'),(1774,'TAAGGCGAACTCTAGG'),(1245,'TAAGGCGAACTGCATA'),(1350,'TAAGGCGAAGAGGATA'),(1243,'TAAGGCGAAGAGTAGA'),(1773,'TAAGGCGAAGCTAGAA'),(1355,'TAAGGCGAAGGCTTAG'),(1349,'TAAGGCGAATAGAGAG'),(1776,'TAAGGCGAATAGCCTT'),(1770,'TAAGGCGAATTAGACG'),(1460,'TAAGGCGACCTAGAGT'),(1771,'TAAGGCGACGGAGAGA'),(1456,'TAAGGCGACGTCTAAT'),(1247,'TAAGGCGACTAAGCCT'),(1772,'TAAGGCGACTAGTCGA'),(1461,'TAAGGCGACTATTAAG'),(1352,'TAAGGCGACTCCTTAC'),(1241,'TAAGGCGACTCTCTAT'),(1775,'TAAGGCGACTTAATAG'),(1463,'TAAGGCGAGAGCCTTA'),(1348,'TAAGGCGAGCGATCTA'),(1248,'TAAGGCGAGCGTAAGA'),(1244,'TAAGGCGAGTAAGGAG'),(1777,'TAAGGCGATAAGGCTC'),(1354,'TAAGGCGATACTCCTT'),(1240,'TAAGGCGATAGATCGC'),(1242,'TAAGGCGATATCCTCT'),(1353,'TAAGGCGATATGCAGT'),(1458,'TAAGGCGATCGACTAG'),(1778,'TAAGGCGATCGCATAA'),(1351,'TAAGGCGATCTACTCT'),(1457,'TAAGGCGATCTCTCCG'),(1356,'TAAGGCGATCTTACGC'),(1464,'TAAGGCGATTATGCGA'),(1459,'TAAGGCGATTCTAGCT'),(1211,'TAAGGCTC'),(911,'TAAGTATG'),(1189,'TAAGTTCC'),(163,'TAATCG'),(544,'TAATCGA'),(3180,'TAATCGAAGGTTCA'),(3181,'TAATCGACTTAGCA'),(3182,'TAATCGAGAGAACA'),(2800,'TAATCGCTAATCGA'),(2801,'TAATCGCTAGAACA'),(3186,'TAATCGGGAACTTA'),(3183,'TAATCGGTGTCTTA'),(2799,'TAATCGTAAGACAC'),(2802,'TAATCGTAAGTTCC'),(2803,'TAATCGTAGACCTA'),(3187,'TAATCGTAGGTCTA'),(3184,'TAATCGTCGATTAG'),(2796,'TAATCGTGAACCTT'),(2797,'TAATCGTGCTAAGT'),(3185,'TAATCGTGTTCTAG'),(2798,'TAATCGTGTTCTCT'),(176,'TAATCTTA'),(3453,'TAATCTTAAACAATGG'),(3450,'TAATCTTAAACGCATT'),(3444,'TAATCTTAAAGTAGAG'),(3690,'TAATCTTAAATGCGTT'),(3445,'TAATCTTAACACGATC'),(3451,'TAATCTTAACAGGTAT'),(3689,'TAATCTTAACCAAGGA'),(3686,'TAATCTTAACCGCGCG'),(3454,'TAATCTTAACTGTATC'),(3452,'TAATCTTAAGGTAAGG'),(3455,'TAATCTTAAGGTCGCA'),(3691,'TAATCTTAATACCTGT'),(3447,'TAATCTTACATGATCG'),(3693,'TAATCTTACCATTGTT'),(3692,'TAATCTTACCTTACCT'),(3687,'TAATCTTACGATCATG'),(3446,'TAATCTTACGCGCGGT'),(3448,'TAATCTTACGTTACCA'),(3684,'TAATCTTACTCTACTT'),(3694,'TAATCTTAGATACAGT'),(3685,'TAATCTTAGATCGTGT'),(3449,'TAATCTTATCCTTGGT'),(3695,'TAATCTTATGCGACCT'),(3688,'TAATCTTATGGTAACG'),(784,'TAATGACC'),(70,'TAATGCGC'),(3333,'TAATGCGCAACAATGG'),(3330,'TAATGCGCAACGCATT'),(3324,'TAATGCGCAAGTAGAG'),(3570,'TAATGCGCAATGCGTT'),(3325,'TAATGCGCACACGATC'),(3331,'TAATGCGCACAGGTAT'),(3569,'TAATGCGCACCAAGGA'),(3566,'TAATGCGCACCGCGCG'),(2434,'TAATGCGCACGTCCTG'),(3334,'TAATGCGCACTGTATC'),(2430,'TAATGCGCAGGATAGG'),(2336,'TAATGCGCAGGCGAAG'),(2428,'TAATGCGCAGGCTATA'),(3332,'TAATGCGCAGGTAAGG'),(3335,'TAATGCGCAGGTCGCA'),(3571,'TAATGCGCATACCTGT'),(2333,'TAATGCGCATAGAGGC'),(2338,'TAATGCGCCAGGACGT'),(3327,'TAATGCGCCATGATCG'),(3573,'TAATGCGCCCATTGTT'),(2334,'TAATGCGCCCTATCCT'),(3572,'TAATGCGCCCTTACCT'),(3567,'TAATGCGCCGATCATG'),(3326,'TAATGCGCCGCGCGGT'),(3328,'TAATGCGCCGTTACCA'),(3564,'TAATGCGCCTCTACTT'),(2432,'TAATGCGCCTTCGCCT'),(3574,'TAATGCGCGATACAGT'),(3565,'TAATGCGCGATCGTGT'),(2429,'TAATGCGCGCCTCTAT'),(2335,'TAATGCGCGGCTCTGA'),(2339,'TAATGCGCGTACTGAC'),(2435,'TAATGCGCGTCAGTAC'),(2433,'TAATGCGCTAAGATTA'),(2337,'TAATGCGCTAATCTTA'),(2332,'TAATGCGCTATAGCCT'),(2431,'TAATGCGCTCAGAGCC'),(3329,'TAATGCGCTCCTTGGT'),(3575,'TAATGCGCTGCGACCT'),(3568,'TAATGCGCTGGTAACG'),(1057,'TAATGGGA'),(273,'TAATTCC'),(1152,'TAATTGAG'),(274,'TACAACG'),(110,'TACAAG'),(679,'TACACCTC'),(823,'TACAGACT'),(164,'TACAGC'),(545,'TACAGCA'),(3188,'TACAGCAAGGTTCA'),(3189,'TACAGCACTTAGCA'),(3190,'TACAGCAGAGAACA'),(2808,'TACAGCCTAATCGA'),(2809,'TACAGCCTAGAACA'),(3194,'TACAGCGGAACTTA'),(3191,'TACAGCGTGTCTTA'),(2807,'TACAGCTAAGACAC'),(2810,'TACAGCTAAGTTCC'),(2811,'TACAGCTAGACCTA'),(3195,'TACAGCTAGGTCTA'),(3192,'TACAGCTCGATTAG'),(2804,'TACAGCTGAACCTT'),(2805,'TACAGCTGCTAAGT'),(3193,'TACAGCTGTTCTAG'),(2806,'TACAGCTGTTCTCT'),(610,'TACATCGG'),(722,'TACCACCA'),(506,'TACCTT'),(43,'TACGCTGC'),(1646,'TACGCTGCAAGGAGTA'),(1655,'TACGCTGCAAGGCTAT'),(1966,'TACGCTGCACTCTAGG'),(1645,'TACGCTGCACTGCATA'),(1957,'TACGCTGCAGAGGATA'),(1965,'TACGCTGCAGCTAGAA'),(1961,'TACGCTGCAGGCTTAG'),(1956,'TACGCTGCATAGAGAG'),(1969,'TACGCTGCATAGCCTT'),(1962,'TACGCTGCATTAGACG'),(1652,'TACGCTGCCCTAGAGT'),(1963,'TACGCTGCCGGAGAGA'),(1648,'TACGCTGCCGTCTAAT'),(1647,'TACGCTGCCTAAGCCT'),(1964,'TACGCTGCCTAGTCGA'),(1654,'TACGCTGCCTATTAAG'),(1958,'TACGCTGCCTCCTTAC'),(1642,'TACGCTGCCTCTCTAT'),(1968,'TACGCTGCCTTAATAG'),(1656,'TACGCTGCGAGCCTTA'),(1653,'TACGCTGCGCGTAAGA'),(1644,'TACGCTGCGTAAGGAG'),(1970,'TACGCTGCTAAGGCTC'),(1960,'TACGCTGCTACTCCTT'),(1643,'TACGCTGCTATCCTCT'),(1959,'TACGCTGCTATGCAGT'),(1650,'TACGCTGCTCGACTAG'),(1971,'TACGCTGCTCGCATAA'),(1649,'TACGCTGCTCTCTCCG'),(1967,'TACGCTGCTCTTACGC'),(1657,'TACGCTGCTTATGCGA'),(1651,'TACGCTGCTTCTAGCT'),(974,'TACGTGAC'),(864,'TACGTTCA'),(844,'TACTATAG'),(1201,'TACTCCTT'),(712,'TACTCTTC'),(684,'TACTTGAA'),(1138,'TAGACAAA'),(837,'TAGACACC'),(1190,'TAGACCTA'),(1165,'TAGATCGC'),(45,'TAGCGCTC'),(1678,'TAGCGCTCAAGGAGTA'),(1687,'TAGCGCTCAAGGCTAT'),(1998,'TAGCGCTCACTCTAGG'),(1677,'TAGCGCTCACTGCATA'),(1989,'TAGCGCTCAGAGGATA'),(1997,'TAGCGCTCAGCTAGAA'),(1993,'TAGCGCTCAGGCTTAG'),(1988,'TAGCGCTCATAGAGAG'),(2001,'TAGCGCTCATAGCCTT'),(1994,'TAGCGCTCATTAGACG'),(1684,'TAGCGCTCCCTAGAGT'),(1995,'TAGCGCTCCGGAGAGA'),(1680,'TAGCGCTCCGTCTAAT'),(1679,'TAGCGCTCCTAAGCCT'),(1996,'TAGCGCTCCTAGTCGA'),(1686,'TAGCGCTCCTATTAAG'),(1990,'TAGCGCTCCTCCTTAC'),(1674,'TAGCGCTCCTCTCTAT'),(2000,'TAGCGCTCCTTAATAG'),(1688,'TAGCGCTCGAGCCTTA'),(1685,'TAGCGCTCGCGTAAGA'),(1676,'TAGCGCTCGTAAGGAG'),(2002,'TAGCGCTCTAAGGCTC'),(1992,'TAGCGCTCTACTCCTT'),(1675,'TAGCGCTCTATCCTCT'),(1991,'TAGCGCTCTATGCAGT'),(1682,'TAGCGCTCTCGACTAG'),(2003,'TAGCGCTCTCGCATAA'),(1681,'TAGCGCTCTCTCTCCG'),(1999,'TAGCGCTCTCTTACGC'),(1689,'TAGCGCTCTTATGCGA'),(1683,'TAGCGCTCTTCTAGCT'),(1088,'TAGCTA'),(914,'TAGCTCTA'),(84,'TAGCTT'),(560,'TAGCTTA'),(2924,'TAGCTTAAGGTTCA'),(2925,'TAGCTTACTTAGCA'),(2926,'TAGCTTAGAGAACA'),(10,'TAGCTTAT'),(2544,'TAGCTTCTAATCGA'),(2545,'TAGCTTCTAGAACA'),(2930,'TAGCTTGGAACTTA'),(2927,'TAGCTTGTGTCTTA'),(2543,'TAGCTTTAAGACAC'),(2546,'TAGCTTTAAGTTCC'),(2547,'TAGCTTTAGACCTA'),(2931,'TAGCTTTAGGTCTA'),(2928,'TAGCTTTCGATTAG'),(2540,'TAGCTTTGAACCTT'),(2541,'TAGCTTTGCTAAGT'),(2929,'TAGCTTTGTTCTAG'),(2542,'TAGCTTTGTTCTCT'),(275,'TAGGACC'),(779,'TAGGACGT'),(627,'TAGGAGCT'),(788,'TAGGATAA'),(352,'TAGGATGA'),(30,'TAGGCATG'),(1291,'TAGGCATGAAGGAGTA'),(1507,'TAGGCATGAAGGCTAT'),(1819,'TAGGCATGACTCTAGG'),(1290,'TAGGCATGACTGCATA'),(1395,'TAGGCATGAGAGGATA'),(1288,'TAGGCATGAGAGTAGA'),(1818,'TAGGCATGAGCTAGAA'),(1400,'TAGGCATGAGGCTTAG'),(1394,'TAGGCATGATAGAGAG'),(1821,'TAGGCATGATAGCCTT'),(1815,'TAGGCATGATTAGACG'),(1505,'TAGGCATGCCTAGAGT'),(1816,'TAGGCATGCGGAGAGA'),(1501,'TAGGCATGCGTCTAAT'),(1292,'TAGGCATGCTAAGCCT'),(1817,'TAGGCATGCTAGTCGA'),(1506,'TAGGCATGCTATTAAG'),(1397,'TAGGCATGCTCCTTAC'),(1286,'TAGGCATGCTCTCTAT'),(1820,'TAGGCATGCTTAATAG'),(1508,'TAGGCATGGAGCCTTA'),(1393,'TAGGCATGGCGATCTA'),(1293,'TAGGCATGGCGTAAGA'),(1289,'TAGGCATGGTAAGGAG'),(1822,'TAGGCATGTAAGGCTC'),(1399,'TAGGCATGTACTCCTT'),(1285,'TAGGCATGTAGATCGC'),(1287,'TAGGCATGTATCCTCT'),(1398,'TAGGCATGTATGCAGT'),(1503,'TAGGCATGTCGACTAG'),(1823,'TAGGCATGTCGCATAA'),(1396,'TAGGCATGTCTACTCT'),(1502,'TAGGCATGTCTCTCCG'),(1401,'TAGGCATGTCTTACGC'),(1509,'TAGGCATGTTATGCGA'),(1504,'TAGGCATGTTCTAGCT'),(523,'TAGGCT'),(1220,'TAGGTCTA'),(614,'TAGTGCCA'),(1061,'TAGTGCGG'),(126,'TAGTTG'),(838,'TAGTTGTC'),(165,'TATAAT'),(546,'TATAATA'),(3196,'TATAATAAGGTTCA'),(3197,'TATAATACTTAGCA'),(3198,'TATAATAGAGAACA'),(2816,'TATAATCTAATCGA'),(2817,'TATAATCTAGAACA'),(3202,'TATAATGGAACTTA'),(3199,'TATAATGTGTCTTA'),(2815,'TATAATTAAGACAC'),(2818,'TATAATTAAGTTCC'),(2819,'TATAATTAGACCTA'),(3203,'TATAATTAGGTCTA'),(3200,'TATAATTCGATTAG'),(2812,'TATAATTGAACCTT'),(2813,'TATAATTGCTAAGT'),(3201,'TATAATTGTTCTAG'),(2814,'TATAATTGTTCTCT'),(171,'TATAGCCT'),(3393,'TATAGCCTAACAATGG'),(3390,'TATAGCCTAACGCATT'),(3384,'TATAGCCTAAGTAGAG'),(3630,'TATAGCCTAATGCGTT'),(3385,'TATAGCCTACACGATC'),(3391,'TATAGCCTACAGGTAT'),(3629,'TATAGCCTACCAAGGA'),(3626,'TATAGCCTACCGCGCG'),(3394,'TATAGCCTACTGTATC'),(3392,'TATAGCCTAGGTAAGG'),(3395,'TATAGCCTAGGTCGCA'),(3631,'TATAGCCTATACCTGT'),(3387,'TATAGCCTCATGATCG'),(3633,'TATAGCCTCCATTGTT'),(3632,'TATAGCCTCCTTACCT'),(3627,'TATAGCCTCGATCATG'),(3386,'TATAGCCTCGCGCGGT'),(3388,'TATAGCCTCGTTACCA'),(3624,'TATAGCCTCTCTACTT'),(3634,'TATAGCCTGATACAGT'),(3625,'TATAGCCTGATCGTGT'),(3389,'TATAGCCTTCCTTGGT'),(3635,'TATAGCCTTGCGACCT'),(3628,'TATAGCCTTGGTAACG'),(801,'TATAGTTG'),(427,'TATCAGCA'),(1167,'TATCCTCT'),(1046,'TATCGATA'),(778,'TATGAGCT'),(702,'TATGATTC'),(1200,'TATGCAGT'),(1106,'TATGCTTC'),(921,'TATGGTGT'),(483,'TATGTC'),(938,'TCAAGGCC'),(106,'TCAAGT'),(900,'TCACATCA'),(625,'TCACTCGA'),(861,'TCACTCGC'),(1013,'TCAGAAAT'),(1224,'TCAGAGCC'),(276,'TCAGATT'),(725,'TCAGCCGT'),(511,'TCAGGA'),(978,'TCAGGGTG'),(1160,'TCATGAGC'),(4152,'TCATGAGCAAGGAGTA'),(4161,'TCATGAGCAAGGCTAT'),(4370,'TCATGAGCACTCTAGG'),(4151,'TCATGAGCACTGCATA'),(4361,'TCATGAGCAGAGGATA'),(4369,'TCATGAGCAGCTAGAA'),(4365,'TCATGAGCAGGCTTAG'),(4360,'TCATGAGCATAGAGAG'),(4373,'TCATGAGCATAGCCTT'),(4366,'TCATGAGCATTAGACG'),(4158,'TCATGAGCCCTAGAGT'),(4164,'TCATGAGCCGACTAGC'),(4367,'TCATGAGCCGGAGAGA'),(4154,'TCATGAGCCGTCTAAT'),(4153,'TCATGAGCCTAAGCCT'),(4368,'TCATGAGCCTAGTCGA'),(4160,'TCATGAGCCTATTAAG'),(4362,'TCATGAGCCTCCTTAC'),(4148,'TCATGAGCCTCTCTAT'),(4372,'TCATGAGCCTTAATAG'),(4162,'TCATGAGCGAGCCTTA'),(4167,'TCATGAGCGAGCTAGA'),(4159,'TCATGAGCGCGTAAGA'),(4166,'TCATGAGCGCTAGTCG'),(4150,'TCATGAGCGTAAGGAG'),(4374,'TCATGAGCTAAGGCTC'),(4364,'TCATGAGCTACTCCTT'),(4149,'TCATGAGCTATCCTCT'),(4363,'TCATGAGCTATGCAGT'),(4156,'TCATGAGCTCGACTAG'),(4375,'TCATGAGCTCGCATAA'),(4165,'TCATGAGCTCTAGCTC'),(4155,'TCATGAGCTCTCTCCG'),(4371,'TCATGAGCTCTTACGC'),(4163,'TCATGAGCTTATGCGA'),(4157,'TCATGAGCTTCTAGCT'),(166,'TCATTC'),(547,'TCATTCA'),(3204,'TCATTCAAGGTTCA'),(3205,'TCATTCACTTAGCA'),(3206,'TCATTCAGAGAACA'),(2824,'TCATTCCTAATCGA'),(2825,'TCATTCCTAGAACA'),(3210,'TCATTCGGAACTTA'),(3207,'TCATTCGTGTCTTA'),(2823,'TCATTCTAAGACAC'),(2826,'TCATTCTAAGTTCC'),(2827,'TCATTCTAGACCTA'),(3211,'TCATTCTAGGTCTA'),(3208,'TCATTCTCGATTAG'),(2820,'TCATTCTGAACCTT'),(2821,'TCATTCTGCTAAGT'),(3209,'TCATTCTGTTCTAG'),(2822,'TCATTCTGTTCTCT'),(666,'TCCAACTG'),(1041,'TCCAATGC'),(647,'TCCATTGC'),(167,'TCCCGA'),(548,'TCCCGAA'),(3212,'TCCCGAAAGGTTCA'),(3213,'TCCCGAACTTAGCA'),(3214,'TCCCGAAGAGAACA'),(2832,'TCCCGACTAATCGA'),(2833,'TCCCGACTAGAACA'),(3218,'TCCCGAGGAACTTA'),(3215,'TCCCGAGTGTCTTA'),(2831,'TCCCGATAAGACAC'),(2834,'TCCCGATAAGTTCC'),(2835,'TCCCGATAGACCTA'),(3219,'TCCCGATAGGTCTA'),(3216,'TCCCGATCGATTAG'),(2828,'TCCCGATGAACCTT'),(2829,'TCCCGATGCTAAGT'),(3217,'TCCCGATGTTCTAG'),(2830,'TCCCGATGTTCTCT'),(72,'TCCGCGAA'),(3357,'TCCGCGAAAACAATGG'),(3354,'TCCGCGAAAACGCATT'),(3348,'TCCGCGAAAAGTAGAG'),(3594,'TCCGCGAAAATGCGTT'),(3349,'TCCGCGAAACACGATC'),(3355,'TCCGCGAAACAGGTAT'),(3593,'TCCGCGAAACCAAGGA'),(3590,'TCCGCGAAACCGCGCG'),(2450,'TCCGCGAAACGTCCTG'),(3358,'TCCGCGAAACTGTATC'),(2446,'TCCGCGAAAGGATAGG'),(2352,'TCCGCGAAAGGCGAAG'),(2444,'TCCGCGAAAGGCTATA'),(3356,'TCCGCGAAAGGTAAGG'),(3359,'TCCGCGAAAGGTCGCA'),(3595,'TCCGCGAAATACCTGT'),(2349,'TCCGCGAAATAGAGGC'),(2354,'TCCGCGAACAGGACGT'),(3351,'TCCGCGAACATGATCG'),(3597,'TCCGCGAACCATTGTT'),(2350,'TCCGCGAACCTATCCT'),(3596,'TCCGCGAACCTTACCT'),(3591,'TCCGCGAACGATCATG'),(3350,'TCCGCGAACGCGCGGT'),(3352,'TCCGCGAACGTTACCA'),(3588,'TCCGCGAACTCTACTT'),(2448,'TCCGCGAACTTCGCCT'),(3598,'TCCGCGAAGATACAGT'),(3589,'TCCGCGAAGATCGTGT'),(2445,'TCCGCGAAGCCTCTAT'),(2351,'TCCGCGAAGGCTCTGA'),(2355,'TCCGCGAAGTACTGAC'),(2451,'TCCGCGAAGTCAGTAC'),(2449,'TCCGCGAATAAGATTA'),(2353,'TCCGCGAATAATCTTA'),(2348,'TCCGCGAATATAGCCT'),(2447,'TCCGCGAATCAGAGCC'),(3353,'TCCGCGAATCCTTGGT'),(3599,'TCCGCGAATGCGACCT'),(3592,'TCCGCGAATGGTAACG'),(807,'TCCGGAAG'),(64,'TCCGGAGA'),(3261,'TCCGGAGAAACAATGG'),(3258,'TCCGGAGAAACGCATT'),(3252,'TCCGGAGAAAGTAGAG'),(3498,'TCCGGAGAAATGCGTT'),(3253,'TCCGGAGAACACGATC'),(3259,'TCCGGAGAACAGGTAT'),(3497,'TCCGGAGAACCAAGGA'),(3494,'TCCGGAGAACCGCGCG'),(2386,'TCCGGAGAACGTCCTG'),(3262,'TCCGGAGAACTGTATC'),(2382,'TCCGGAGAAGGATAGG'),(2288,'TCCGGAGAAGGCGAAG'),(2380,'TCCGGAGAAGGCTATA'),(3260,'TCCGGAGAAGGTAAGG'),(3263,'TCCGGAGAAGGTCGCA'),(3499,'TCCGGAGAATACCTGT'),(2285,'TCCGGAGAATAGAGGC'),(2290,'TCCGGAGACAGGACGT'),(3255,'TCCGGAGACATGATCG'),(3501,'TCCGGAGACCATTGTT'),(2286,'TCCGGAGACCTATCCT'),(3500,'TCCGGAGACCTTACCT'),(3495,'TCCGGAGACGATCATG'),(3254,'TCCGGAGACGCGCGGT'),(3256,'TCCGGAGACGTTACCA'),(3492,'TCCGGAGACTCTACTT'),(2384,'TCCGGAGACTTCGCCT'),(3502,'TCCGGAGAGATACAGT'),(3493,'TCCGGAGAGATCGTGT'),(2381,'TCCGGAGAGCCTCTAT'),(2287,'TCCGGAGAGGCTCTGA'),(2291,'TCCGGAGAGTACTGAC'),(2387,'TCCGGAGAGTCAGTAC'),(2385,'TCCGGAGATAAGATTA'),(2289,'TCCGGAGATAATCTTA'),(2284,'TCCGGAGATATAGCCT'),(2383,'TCCGGAGATCAGAGCC'),(3257,'TCCGGAGATCCTTGGT'),(3503,'TCCGGAGATGCGACCT'),(3496,'TCCGGAGATGGTAACG'),(419,'TCCGTCTA'),(1027,'TCCTCCAA'),(1161,'TCCTCTAC'),(4172,'TCCTCTACAAGGAGTA'),(4181,'TCCTCTACAAGGCTAT'),(4386,'TCCTCTACACTCTAGG'),(4171,'TCCTCTACACTGCATA'),(4377,'TCCTCTACAGAGGATA'),(4385,'TCCTCTACAGCTAGAA'),(4381,'TCCTCTACAGGCTTAG'),(4376,'TCCTCTACATAGAGAG'),(4389,'TCCTCTACATAGCCTT'),(4382,'TCCTCTACATTAGACG'),(4178,'TCCTCTACCCTAGAGT'),(4184,'TCCTCTACCGACTAGC'),(4383,'TCCTCTACCGGAGAGA'),(4174,'TCCTCTACCGTCTAAT'),(4173,'TCCTCTACCTAAGCCT'),(4384,'TCCTCTACCTAGTCGA'),(4180,'TCCTCTACCTATTAAG'),(4378,'TCCTCTACCTCCTTAC'),(4168,'TCCTCTACCTCTCTAT'),(4388,'TCCTCTACCTTAATAG'),(4182,'TCCTCTACGAGCCTTA'),(4187,'TCCTCTACGAGCTAGA'),(4179,'TCCTCTACGCGTAAGA'),(4186,'TCCTCTACGCTAGTCG'),(4170,'TCCTCTACGTAAGGAG'),(4390,'TCCTCTACTAAGGCTC'),(4380,'TCCTCTACTACTCCTT'),(4169,'TCCTCTACTATCCTCT'),(4379,'TCCTCTACTATGCAGT'),(4176,'TCCTCTACTCGACTAG'),(4391,'TCCTCTACTCGCATAA'),(4185,'TCCTCTACTCTAGCTC'),(4175,'TCCTCTACTCTCTCCG'),(4387,'TCCTCTACTCTTACGC'),(4183,'TCCTCTACTTATGCGA'),(4177,'TCCTCTACTTCTAGCT'),(28,'TCCTGAGC'),(1273,'TCCTGAGCAAGGAGTA'),(1489,'TCCTGAGCAAGGCTAT'),(1801,'TCCTGAGCACTCTAGG'),(1272,'TCCTGAGCACTGCATA'),(1377,'TCCTGAGCAGAGGATA'),(1270,'TCCTGAGCAGAGTAGA'),(1800,'TCCTGAGCAGCTAGAA'),(1382,'TCCTGAGCAGGCTTAG'),(1376,'TCCTGAGCATAGAGAG'),(1803,'TCCTGAGCATAGCCTT'),(1797,'TCCTGAGCATTAGACG'),(1487,'TCCTGAGCCCTAGAGT'),(1798,'TCCTGAGCCGGAGAGA'),(1483,'TCCTGAGCCGTCTAAT'),(1274,'TCCTGAGCCTAAGCCT'),(1799,'TCCTGAGCCTAGTCGA'),(1488,'TCCTGAGCCTATTAAG'),(1379,'TCCTGAGCCTCCTTAC'),(1268,'TCCTGAGCCTCTCTAT'),(1802,'TCCTGAGCCTTAATAG'),(1490,'TCCTGAGCGAGCCTTA'),(1375,'TCCTGAGCGCGATCTA'),(1275,'TCCTGAGCGCGTAAGA'),(1271,'TCCTGAGCGTAAGGAG'),(1804,'TCCTGAGCTAAGGCTC'),(1381,'TCCTGAGCTACTCCTT'),(1267,'TCCTGAGCTAGATCGC'),(1269,'TCCTGAGCTATCCTCT'),(1380,'TCCTGAGCTATGCAGT'),(1485,'TCCTGAGCTCGACTAG'),(1805,'TCCTGAGCTCGCATAA'),(1378,'TCCTGAGCTCTACTCT'),(1484,'TCCTGAGCTCTCTCCG'),(1383,'TCCTGAGCTCTTACGC'),(1491,'TCCTGAGCTTATGCGA'),(1486,'TCCTGAGCTTCTAGCT'),(923,'TCCTGCGC'),(582,'TCCTGGTA'),(965,'TCCTTCTT'),(204,'TCCTTGGT'),(3789,'TCCTTGGTAACAATGG'),(3786,'TCCTTGGTAACGCATT'),(3780,'TCCTTGGTAAGTAGAG'),(3930,'TCCTTGGTAATGCGTT'),(3781,'TCCTTGGTACACGATC'),(3787,'TCCTTGGTACAGGTAT'),(3929,'TCCTTGGTACCAAGGA'),(3926,'TCCTTGGTACCGCGCG'),(3790,'TCCTTGGTACTGTATC'),(3788,'TCCTTGGTAGGTAAGG'),(3791,'TCCTTGGTAGGTCGCA'),(3931,'TCCTTGGTATACCTGT'),(3783,'TCCTTGGTCATGATCG'),(3933,'TCCTTGGTCCATTGTT'),(3932,'TCCTTGGTCCTTACCT'),(3927,'TCCTTGGTCGATCATG'),(3782,'TCCTTGGTCGCGCGGT'),(3784,'TCCTTGGTCGTTACCA'),(3924,'TCCTTGGTCTCTACTT'),(3934,'TCCTTGGTGATACAGT'),(3925,'TCCTTGGTGATCGTGT'),(3785,'TCCTTGGTTCCTTGGT'),(3935,'TCCTTGGTTGCGACCT'),(3928,'TCCTTGGTTGGTAACG'),(168,'TCGAAG'),(549,'TCGAAGA'),(3220,'TCGAAGAAGGTTCA'),(3221,'TCGAAGACTTAGCA'),(3222,'TCGAAGAGAGAACA'),(2840,'TCGAAGCTAATCGA'),(2841,'TCGAAGCTAGAACA'),(3226,'TCGAAGGGAACTTA'),(3223,'TCGAAGGTGTCTTA'),(2839,'TCGAAGTAAGACAC'),(2842,'TCGAAGTAAGTTCC'),(2843,'TCGAAGTAGACCTA'),(3227,'TCGAAGTAGGTCTA'),(3224,'TCGAAGTCGATTAG'),(2836,'TCGAAGTGAACCTT'),(2837,'TCGAAGTGCTAAGT'),(3225,'TCGAAGTGTTCTAG'),(2838,'TCGAAGTGTTCTCT'),(1090,'TCGACC'),(50,'TCGACGTC'),(1758,'TCGACGTCAAGGAGTA'),(1767,'TCGACGTCAAGGCTAT'),(2078,'TCGACGTCACTCTAGG'),(1757,'TCGACGTCACTGCATA'),(2069,'TCGACGTCAGAGGATA'),(2077,'TCGACGTCAGCTAGAA'),(2073,'TCGACGTCAGGCTTAG'),(2068,'TCGACGTCATAGAGAG'),(2081,'TCGACGTCATAGCCTT'),(2074,'TCGACGTCATTAGACG'),(1764,'TCGACGTCCCTAGAGT'),(2075,'TCGACGTCCGGAGAGA'),(1760,'TCGACGTCCGTCTAAT'),(1759,'TCGACGTCCTAAGCCT'),(2076,'TCGACGTCCTAGTCGA'),(1766,'TCGACGTCCTATTAAG'),(2070,'TCGACGTCCTCCTTAC'),(1754,'TCGACGTCCTCTCTAT'),(2080,'TCGACGTCCTTAATAG'),(1768,'TCGACGTCGAGCCTTA'),(1765,'TCGACGTCGCGTAAGA'),(1756,'TCGACGTCGTAAGGAG'),(2082,'TCGACGTCTAAGGCTC'),(2072,'TCGACGTCTACTCCTT'),(1755,'TCGACGTCTATCCTCT'),(2071,'TCGACGTCTATGCAGT'),(1762,'TCGACGTCTCGACTAG'),(2083,'TCGACGTCTCGCATAA'),(1761,'TCGACGTCTCTCTCCG'),(2079,'TCGACGTCTCTTACGC'),(1769,'TCGACGTCTTATGCGA'),(1763,'TCGACGTCTTCTAGCT'),(1176,'TCGACTAG'),(453,'TCGAGG'),(920,'TCGATACT'),(1217,'TCGATTAG'),(1212,'TCGCATAA'),(780,'TCGCCAGC'),(1162,'TCGCCTTA'),(4192,'TCGCCTTAAAGGAGTA'),(4201,'TCGCCTTAAAGGCTAT'),(4402,'TCGCCTTAACTCTAGG'),(4191,'TCGCCTTAACTGCATA'),(4393,'TCGCCTTAAGAGGATA'),(4401,'TCGCCTTAAGCTAGAA'),(4397,'TCGCCTTAAGGCTTAG'),(4392,'TCGCCTTAATAGAGAG'),(4405,'TCGCCTTAATAGCCTT'),(4398,'TCGCCTTAATTAGACG'),(4198,'TCGCCTTACCTAGAGT'),(4204,'TCGCCTTACGACTAGC'),(4399,'TCGCCTTACGGAGAGA'),(4194,'TCGCCTTACGTCTAAT'),(4193,'TCGCCTTACTAAGCCT'),(4400,'TCGCCTTACTAGTCGA'),(4200,'TCGCCTTACTATTAAG'),(4394,'TCGCCTTACTCCTTAC'),(4188,'TCGCCTTACTCTCTAT'),(4404,'TCGCCTTACTTAATAG'),(4202,'TCGCCTTAGAGCCTTA'),(4207,'TCGCCTTAGAGCTAGA'),(4199,'TCGCCTTAGCGTAAGA'),(4206,'TCGCCTTAGCTAGTCG'),(4190,'TCGCCTTAGTAAGGAG'),(4406,'TCGCCTTATAAGGCTC'),(4396,'TCGCCTTATACTCCTT'),(4189,'TCGCCTTATATCCTCT'),(4395,'TCGCCTTATATGCAGT'),(4196,'TCGCCTTATCGACTAG'),(4407,'TCGCCTTATCGCATAA'),(4205,'TCGCCTTATCTAGCTC'),(4195,'TCGCCTTATCTCTCCG'),(4403,'TCGCCTTATCTTACGC'),(4203,'TCGCCTTATTATGCGA'),(4197,'TCGCCTTATTCTAGCT'),(954,'TCGCTTCG'),(169,'TCGGCA'),(550,'TCGGCAA'),(3228,'TCGGCAAAGGTTCA'),(3229,'TCGGCAACTTAGCA'),(3230,'TCGGCAAGAGAACA'),(2848,'TCGGCACTAATCGA'),(2849,'TCGGCACTAGAACA'),(3234,'TCGGCAGGAACTTA'),(3231,'TCGGCAGTGTCTTA'),(2847,'TCGGCATAAGACAC'),(2850,'TCGGCATAAGTTCC'),(2851,'TCGGCATAGACCTA'),(3235,'TCGGCATAGGTCTA'),(3232,'TCGGCATCGATTAG'),(2844,'TCGGCATGAACCTT'),(2845,'TCGGCATGCTAAGT'),(3233,'TCGGCATGTTCTAG'),(2846,'TCGGCATGTTCTCT'),(889,'TCGGCGTC'),(143,'TCGGGA'),(277,'TCGGGTG'),(1076,'TCGTCACG'),(956,'TCGTGAAA'),(626,'TCGTGCAT'),(496,'TCGTTC'),(799,'TCGTTCAG'),(290,'TCTAAA'),(628,'TCTACGCA'),(1198,'TCTACTCT'),(815,'TCTAGCGA'),(1192,'TCTAGCTC'),(646,'TCTAGGAG'),(630,'TCTAGTCC'),(952,'TCTATATC'),(945,'TCTATCCG'),(732,'TCTCAGTG'),(73,'TCTCGCGC'),(3369,'TCTCGCGCAACAATGG'),(3366,'TCTCGCGCAACGCATT'),(3360,'TCTCGCGCAAGTAGAG'),(3606,'TCTCGCGCAATGCGTT'),(3361,'TCTCGCGCACACGATC'),(3367,'TCTCGCGCACAGGTAT'),(3605,'TCTCGCGCACCAAGGA'),(3602,'TCTCGCGCACCGCGCG'),(2458,'TCTCGCGCACGTCCTG'),(3370,'TCTCGCGCACTGTATC'),(2454,'TCTCGCGCAGGATAGG'),(2360,'TCTCGCGCAGGCGAAG'),(2452,'TCTCGCGCAGGCTATA'),(3368,'TCTCGCGCAGGTAAGG'),(3371,'TCTCGCGCAGGTCGCA'),(3607,'TCTCGCGCATACCTGT'),(2357,'TCTCGCGCATAGAGGC'),(2362,'TCTCGCGCCAGGACGT'),(3363,'TCTCGCGCCATGATCG'),(3609,'TCTCGCGCCCATTGTT'),(2358,'TCTCGCGCCCTATCCT'),(3608,'TCTCGCGCCCTTACCT'),(3603,'TCTCGCGCCGATCATG'),(3362,'TCTCGCGCCGCGCGGT'),(3364,'TCTCGCGCCGTTACCA'),(3600,'TCTCGCGCCTCTACTT'),(2456,'TCTCGCGCCTTCGCCT'),(3610,'TCTCGCGCGATACAGT'),(3601,'TCTCGCGCGATCGTGT'),(2453,'TCTCGCGCGCCTCTAT'),(2359,'TCTCGCGCGGCTCTGA'),(2363,'TCTCGCGCGTACTGAC'),(2459,'TCTCGCGCGTCAGTAC'),(2457,'TCTCGCGCTAAGATTA'),(2361,'TCTCGCGCTAATCTTA'),(2356,'TCTCGCGCTATAGCCT'),(2455,'TCTCGCGCTCAGAGCC'),(3365,'TCTCGCGCTCCTTGGT'),(3611,'TCTCGCGCTGCGACCT'),(3604,'TCTCGCGCTGGTAACG'),(942,'TCTCGGGC'),(734,'TCTCGTTT'),(1175,'TCTCTCCG'),(137,'TCTGAG'),(870,'TCTGTGAT'),(1036,'TCTGTTGG'),(471,'TCTTAA'),(707,'TCTTAAAG'),(1203,'TCTTACGC'),(695,'TCTTATTA'),(391,'TCTTCACA'),(585,'TCTTCGAC'),(1183,'TGAACCTT'),(353,'TGAAGAGA'),(925,'TGAAGTAC'),(278,'TGAATTC'),(601,'TGACAACC'),(484,'TGACAC'),(113,'TGACAT'),(78,'TGACCA'),(554,'TGACCAA'),(2876,'TGACCAAAGGTTCA'),(2877,'TGACCAACTTAGCA'),(2878,'TGACCAAGAGAACA'),(4,'TGACCAAT'),(671,'TGACCACT'),(2496,'TGACCACTAATCGA'),(2497,'TGACCACTAGAACA'),(2882,'TGACCAGGAACTTA'),(2879,'TGACCAGTGTCTTA'),(2495,'TGACCATAAGACAC'),(2498,'TGACCATAAGTTCC'),(2499,'TGACCATAGACCTA'),(2883,'TGACCATAGGTCTA'),(2880,'TGACCATCGATTAG'),(2492,'TGACCATGAACCTT'),(2493,'TGACCATGCTAAGT'),(2881,'TGACCATGTTCTAG'),(2494,'TGACCATGTTCTCT'),(1004,'TGACGCCC'),(320,'TGACTATT'),(308,'TGACTATTATGCACA'),(1081,'TGACTG'),(129,'TGAGTG'),(836,'TGATATTC'),(993,'TGATCTCA'),(770,'TGATGCAT'),(772,'TGATTCTA'),(841,'TGCACAAA'),(935,'TGCACCGT'),(495,'TGCACG'),(49,'TGCAGCTA'),(1742,'TGCAGCTAAAGGAGTA'),(1751,'TGCAGCTAAAGGCTAT'),(2062,'TGCAGCTAACTCTAGG'),(1741,'TGCAGCTAACTGCATA'),(2053,'TGCAGCTAAGAGGATA'),(2061,'TGCAGCTAAGCTAGAA'),(2057,'TGCAGCTAAGGCTTAG'),(2052,'TGCAGCTAATAGAGAG'),(2065,'TGCAGCTAATAGCCTT'),(2058,'TGCAGCTAATTAGACG'),(1748,'TGCAGCTACCTAGAGT'),(2059,'TGCAGCTACGGAGAGA'),(1744,'TGCAGCTACGTCTAAT'),(1743,'TGCAGCTACTAAGCCT'),(2060,'TGCAGCTACTAGTCGA'),(1750,'TGCAGCTACTATTAAG'),(2054,'TGCAGCTACTCCTTAC'),(1738,'TGCAGCTACTCTCTAT'),(2064,'TGCAGCTACTTAATAG'),(1752,'TGCAGCTAGAGCCTTA'),(1749,'TGCAGCTAGCGTAAGA'),(1740,'TGCAGCTAGTAAGGAG'),(2066,'TGCAGCTATAAGGCTC'),(2056,'TGCAGCTATACTCCTT'),(1739,'TGCAGCTATATCCTCT'),(2055,'TGCAGCTATATGCAGT'),(1746,'TGCAGCTATCGACTAG'),(2067,'TGCAGCTATCGCATAA'),(1745,'TGCAGCTATCTCTCCG'),(2063,'TGCAGCTATCTTACGC'),(1753,'TGCAGCTATTATGCGA'),(1747,'TGCAGCTATTCTAGCT'),(1085,'TGCATC'),(145,'TGCCGA'),(904,'TGCCGTGG'),(905,'TGCCTCAT'),(1163,'TGCCTCTT'),(4212,'TGCCTCTTAAGGAGTA'),(4221,'TGCCTCTTAAGGCTAT'),(4418,'TGCCTCTTACTCTAGG'),(4211,'TGCCTCTTACTGCATA'),(4409,'TGCCTCTTAGAGGATA'),(4417,'TGCCTCTTAGCTAGAA'),(4413,'TGCCTCTTAGGCTTAG'),(4408,'TGCCTCTTATAGAGAG'),(4421,'TGCCTCTTATAGCCTT'),(4414,'TGCCTCTTATTAGACG'),(4218,'TGCCTCTTCCTAGAGT'),(4224,'TGCCTCTTCGACTAGC'),(4415,'TGCCTCTTCGGAGAGA'),(4214,'TGCCTCTTCGTCTAAT'),(4213,'TGCCTCTTCTAAGCCT'),(4416,'TGCCTCTTCTAGTCGA'),(4220,'TGCCTCTTCTATTAAG'),(4410,'TGCCTCTTCTCCTTAC'),(4208,'TGCCTCTTCTCTCTAT'),(4420,'TGCCTCTTCTTAATAG'),(4222,'TGCCTCTTGAGCCTTA'),(4227,'TGCCTCTTGAGCTAGA'),(4219,'TGCCTCTTGCGTAAGA'),(4226,'TGCCTCTTGCTAGTCG'),(4210,'TGCCTCTTGTAAGGAG'),(4422,'TGCCTCTTTAAGGCTC'),(4412,'TGCCTCTTTACTCCTT'),(4209,'TGCCTCTTTATCCTCT'),(4411,'TGCCTCTTTATGCAGT'),(4216,'TGCCTCTTTCGACTAG'),(4423,'TGCCTCTTTCGCATAA'),(4225,'TGCCTCTTTCTAGCTC'),(4215,'TGCCTCTTTCTCTCCG'),(4419,'TGCCTCTTTCTTACGC'),(4223,'TGCCTCTTTTATGCGA'),(4217,'TGCCTCTTTTCTAGCT'),(824,'TGCGAACT'),(1239,'TGCGACCT'),(822,'TGCGCAGC'),(976,'TGCGGCTT'),(662,'TGCGTAAC'),(1184,'TGCTAAGT'),(470,'TGCTAT'),(1055,'TGCTCGTA'),(849,'TGCTGAGT'),(191,'TGCTGGGT'),(908,'TGCTGTAA'),(578,'TGCTGTGA'),(279,'TGCTTAT'),(392,'TGGAACAA'),(854,'TGGAATTA'),(1139,'TGGAGCTC'),(971,'TGGAGGCT'),(189,'TGGATCTG'),(480,'TGGATT'),(928,'TGGATTGC'),(1104,'TGGC'),(503,'TGGCGA'),(354,'TGGCTTCA'),(1145,'TGGGAGAG'),(195,'TGGGTTTC'),(747,'TGGTAAAC'),(183,'TGGTAACG'),(319,'TGGTAGGT'),(307,'TGGTAGGTTCACTCG'),(280,'TGGTATG'),(102,'TGGTCA'),(196,'TGGTCACA'),(393,'TGGTGGTA'),(1023,'TGGTGTTT'),(802,'TGTAAGGT'),(1001,'TGTAGAAG'),(878,'TGTCAGAC'),(281,'TGTCGTG'),(840,'TGTCTATG'),(60,'TGTGACCA'),(2252,'TGTGACCAAAGGTTCA'),(2253,'TGTGACCAACTTAGCA'),(2254,'TGTGACCAAGAGAACA'),(2160,'TGTGACCACTAATCGA'),(2161,'TGTGACCACTAGAACA'),(2258,'TGTGACCAGGAACTTA'),(2255,'TGTGACCAGTGTCTTA'),(2159,'TGTGACCATAAGACAC'),(2162,'TGTGACCATAAGTTCC'),(2163,'TGTGACCATAGACCTA'),(2259,'TGTGACCATAGGTCTA'),(2256,'TGTGACCATCGATTAG'),(2156,'TGTGACCATGAACCTT'),(2157,'TGTGACCATGCTAAGT'),(2257,'TGTGACCATGTTCTAG'),(2158,'TGTGACCATGTTCTCT'),(462,'TGTGCA'),(682,'TGTGCCTT'),(809,'TGTGCGGG'),(310,'TGTGGTAC'),(298,'TGTGGTACCGTATGG'),(1119,'TGTGGTCA'),(1126,'TGTGTCGC'),(1218,'TGTTCTAG'),(1185,'TGTTCTCT'),(133,'TGTTGG'),(1042,'TTAAAGCA'),(437,'TTAACT'),(282,'TTACCTC'),(906,'TTACTCAG'),(1098,'TTAG'),(1048,'TTAGCTCG'),(77,'TTAGGC'),(553,'TTAGGCA'),(2868,'TTAGGCAAGGTTCA'),(2869,'TTAGGCACTTAGCA'),(2870,'TTAGGCAGAGAACA'),(3,'TTAGGCAT'),(2488,'TTAGGCCTAATCGA'),(2489,'TTAGGCCTAGAACA'),(2874,'TTAGGCGGAACTTA'),(2871,'TTAGGCGTGTCTTA'),(2487,'TTAGGCTAAGACAC'),(2490,'TTAGGCTAAGTTCC'),(2491,'TTAGGCTAGACCTA'),(2875,'TTAGGCTAGGTCTA'),(2872,'TTAGGCTCGATTAG'),(2484,'TTAGGCTGAACCTT'),(2485,'TTAGGCTGCTAAGT'),(2873,'TTAGGCTGTTCTAG'),(2486,'TTAGGCTGTTCTCT'),(288,'TTATCC'),(781,'TTATCGTT'),(1182,'TTATGCGA'),(355,'TTCACGCA'),(283,'TTCAGAT'),(761,'TTCAGGTG'),(1137,'TTCATAAG'),(1052,'TTCATCGG'),(986,'TTCCCGAC'),(522,'TTCCGC'),(460,'TTCGAG'),(750,'TTCGCCCT'),(846,'TTCGCTGA'),(1177,'TTCTAGCT'),(1164,'TTCTGCCT'),(4232,'TTCTGCCTAAGGAGTA'),(4241,'TTCTGCCTAAGGCTAT'),(4434,'TTCTGCCTACTCTAGG'),(4231,'TTCTGCCTACTGCATA'),(4425,'TTCTGCCTAGAGGATA'),(4433,'TTCTGCCTAGCTAGAA'),(4429,'TTCTGCCTAGGCTTAG'),(4424,'TTCTGCCTATAGAGAG'),(4437,'TTCTGCCTATAGCCTT'),(4430,'TTCTGCCTATTAGACG'),(4238,'TTCTGCCTCCTAGAGT'),(4244,'TTCTGCCTCGACTAGC'),(4431,'TTCTGCCTCGGAGAGA'),(4234,'TTCTGCCTCGTCTAAT'),(4233,'TTCTGCCTCTAAGCCT'),(4432,'TTCTGCCTCTAGTCGA'),(4240,'TTCTGCCTCTATTAAG'),(4426,'TTCTGCCTCTCCTTAC'),(4228,'TTCTGCCTCTCTCTAT'),(4436,'TTCTGCCTCTTAATAG'),(4242,'TTCTGCCTGAGCCTTA'),(4247,'TTCTGCCTGAGCTAGA'),(4239,'TTCTGCCTGCGTAAGA'),(4246,'TTCTGCCTGCTAGTCG'),(4230,'TTCTGCCTGTAAGGAG'),(4438,'TTCTGCCTTAAGGCTC'),(4428,'TTCTGCCTTACTCCTT'),(4229,'TTCTGCCTTATCCTCT'),(4427,'TTCTGCCTTATGCAGT'),(4236,'TTCTGCCTTCGACTAG'),(4439,'TTCTGCCTTCGCATAA'),(4245,'TTCTGCCTTCTAGCTC'),(4235,'TTCTGCCTTCTCTCCG'),(4435,'TTCTGCCTTCTTACGC'),(4243,'TTCTGCCTTTATGCGA'),(4237,'TTCTGCCTTTCTAGCT'),(197,'TTGACCCT'),(111,'TTGACT'),(894,'TTGAGATC'),(975,'TTGCCGGA'),(1077,'TTGCGCGC'),(688,'TTGCTAAG'),(284,'TTGCTTA'),(913,'TTGGCATA'),(513,'TTGGTA'),(1095,'TTGT'),(1123,'TTGTATAG'),(790,'TTGTTGAT'),(755,'TTGTTTCC'),(285,'TTTAACG'),(760,'TTTACATG'),(1075,'TTTACCCA'),(117,'TTTCAC'),(700,'TTTCATGA'),(963,'TTTCCACT'),(694,'TTTCGTCA'),(1150,'TTTCTGGA'),(804,'TTTCTGTC'),(833,'TTTGGGTA'),(888,'TTTGTACA'),(286,'TTTTAAC');
/*!40000 ALTER TABLE `sequencingindexes` ENABLE KEYS */;
UNLOCK TABLES;

--
-- Table structure for table `user`
--

DROP TABLE IF EXISTS `user`;
/*!40101 SET @saved_cs_client     = @@character_set_client */;
/*!40101 SET character_set_client = utf8 */;
CREATE TABLE `user` (
  `user_id` int(11) NOT NULL AUTO_INCREMENT,
  `username` varchar(100) NOT NULL,
  `login` varchar(100) NOT NULL,
  `phone` varchar(100) DEFAULT NULL,
  `mailadress` varchar(100) DEFAULT NULL,
  `pi` int(11) NOT NULL,
  `userRole` varchar(45) NOT NULL,
  PRIMARY KEY (`user_id`),
  UNIQUE KEY `login_UNIQUE` (`login`)
) ENGINE=InnoDB AUTO_INCREMENT=16 DEFAULT CHARSET=utf8;
/*!40101 SET character_set_client = @saved_cs_client */;

--
-- Dumping data for table `user`
--

LOCK TABLES `user` WRITE;
/*!40000 ALTER TABLE `user` DISABLE KEYS */;
INSERT INTO `user` VALUES (1,'Guest','guest','unknown','guest@company.com',1,'guest'),(2,'Heiko, Mueller','hmueller','+43 (0)1 40000 70018','HMueller@company.com',3,'admin'),(3,'Group1, Leader','g1leader','+43 (0)1 40000 70018','g1l@company.com',3,'groupleader'),(4,'Group2, Leader','g2leader','+43 (0)1 40000 70020','g2l@company.com',4,'groupleader'),(5,'Group3, Leader','g3leader','+43 (0)1 40000 70021','g3l@company.com',5,'groupleader'),(6,'User1, Group1','u1g1','+43 (0)1 40000 70022','u1g1@company.com',3,'user'),(7,'User2, Group1','u2g1','+43 (0)1 40000 70023','u2g1@company.com',3,'user'),(8,'User3, Group1','u3g1','+43 (0)1 40000 70024','u3g1@company.com',3,'user'),(9,'User1, Group2','u1g2','+43 (0)1 40000 70025','u1g2@company.com',4,'user'),(10,'User2, Group2','u2g2','+43 (0)1 40000 70026','u2g2@company.com',4,'user'),(11,'User3, Group2','u3g2','+43 (0)1 40000 70027','u3g2@company.com',4,'user'),(12,'User1, Group3','u1g3','+43 (0)1 40000 70028','u1g3@company.com',5,'user'),(13,'User2, Group3','u2g3','+43 (0)1 40000 70029','u2g3@company.com',5,'user'),(14,'User3, Group3','u3g3','+43 (0)1 40160 70030','u3g3@company.com',5,'user'),(15,'Daniele, Barreca','dbarreca','+39 02 02020202','dbarreca@company.com',3,'admin');
/*!40000 ALTER TABLE `user` ENABLE KEYS */;
UNLOCK TABLES;
/*!40103 SET TIME_ZONE=@OLD_TIME_ZONE */;

/*!40101 SET SQL_MODE=@OLD_SQL_MODE */;
/*!40014 SET FOREIGN_KEY_CHECKS=@OLD_FOREIGN_KEY_CHECKS */;
/*!40014 SET UNIQUE_CHECKS=@OLD_UNIQUE_CHECKS */;
/*!40101 SET CHARACTER_SET_CLIENT=@OLD_CHARACTER_SET_CLIENT */;
/*!40101 SET CHARACTER_SET_RESULTS=@OLD_CHARACTER_SET_RESULTS */;
/*!40101 SET COLLATION_CONNECTION=@OLD_COLLATION_CONNECTION */;
/*!40111 SET SQL_NOTES=@OLD_SQL_NOTES */;

-- Dump completed on 2017-11-21 10:16:28
